{
 "accept_payment": 0,
 "allow_comments": 0,
 "allow_delete": 0,
 "allow_edit": 1,
 "allow_incomplete": 0,
 "allow_multiple": 0,
 "allow_print": 0,
 "amount": 0.0,
 "amount_based_on_field": 0,
 "anonymous": 0,
 "apply_document_permissions": 0,
 "condition_json": "[]",
 "creation": "2025-07-02 18:34:48.803913",
 "doc_type": "Client Profile",
 "docstatus": 0,
 "doctype": "Web Form",
 "idx": 0,
 "is_standard": 1,
 "list_columns": [],
 "login_required": 1,
 "max_attachment_size": 0,
 "modified": "2025-07-02 18:45:19.768604",
 "modified_by": "dylan@artisanclarinets.com",
 "module": "Client Profile",
 "name": "Client Profile",
 "owner": "Administrator",
 "published": 1,
 "route": "my-client-profile",
 "show_attachments": 0,
 "show_list": 0,
 "show_sidebar": 0,
 "title": "Client Profile",
 "web_form_fields": []
}