{
 "actions": [],
 "creation": "2025-08-15 22:29:51.427228",
 "doctype": "DocType",
 "engine": "InnoDB",
 "field_order": [
  "photo",
  "category",
  "description",
  "timestamp",
  "uploaded_by"
 ],
 "fields": [
  {
   "fieldname": "photo",
   "fieldtype": "Attach Image",
   "label": "Photo",
   "reqd": 1
  },
  {
   "fieldname": "category",
   "fieldtype": "Select",
   "in_list_view": 1,
   "label": "Category",
   "options": "Profile Picture\nService Before\nService After\nDamage Documentation\nRepair Documentation\nOther",
   "reqd": 1
  },
  {
   "fieldname": "description",
   "fieldtype": "Data",
   "label": "Description"
  },
  {
   "fieldname": "timestamp",
   "fieldtype": "Datetime",
   "label": "Photo Timestamp"
  },
  {
   "fieldname": "uploaded_by",
   "fieldtype": "Link",
   "in_list_view": 1,
   "label": "Uploaded By",
   "options": "User",
   "reqd": 1
  }
 ],
 "istable": 1,
 "links": [],
 "modified": "2025-08-15 22:37:32.342252",
 "modified_by": "Administrator",
 "module": "Instrument Profile",
 "name": "Instrument Photo",
 "owner": "Administrator",
 "permissions": [],
 "row_format": "Dynamic",
 "sort_field": "modified",
 "sort_order": "DESC",
 "states": []
}