{
 "charts": [],
 "content": "[{\"type\":\"header\",\"data\":{\"text\":\"Tools & Utilities\"}}]",
 "creation": "2025-06-12 14:41:55.981785",
 "custom_blocks": [],
 "docstatus": 0,
 "doctype": "Workspace",
 "for_user": "",
 "hide_custom": 0,
 "idx": 0,
 "indicator_color": "green",
 "is_hidden": 0,
 "label": "Tools & Utilities",
 "links": [],
 "modified": "2025-06-12 14:44:07.883588",
 "modified_by": "Administrator",
 "module": "Tools",
 "name": "Repair Tools & Utilities",
 "number_cards": [],
 "owner": "Administrator",
 "parent_page": "Repair Portal",
 "public": 1,
 "quick_lists": [],
 "roles": [],
 "sequence_id": 28.0,
 "shortcuts": [],
 "title": "Repair Tools & Utilities"
}