{
 "actions": [],
 "creation": "2025-08-15 01:34:21.967873",
 "doctype": "DocType",
 "engine": "InnoDB",
 "field_order": [
  "instrument",
  "service_date",
  "service_type",
  "service_notes",
  "external_shop_name",
  "receipt_attachment"
 ],
 "fields": [
  {
   "fieldname": "service_date",
   "fieldtype": "Date",
   "in_list_view": 1,
   "label": "Service Date",
   "reqd": 1
  },
  {
   "fieldname": "service_type",
   "fieldtype": "Select",
   "label": "Type of Service",
   "options": "Inspection\nSetup\nMaintenance\nRepair\nOther"
  },
  {
   "fieldname": "service_notes",
   "fieldtype": "Text",
   "label": "Description / Notes"
  },
  {
   "fieldname": "external_shop_name",
   "fieldtype": "Data",
   "label": "Performed By (Shop Name)"
  },
  {
   "fieldname": "receipt_attachment",
   "fieldtype": "Attach",
   "label": "Receipt / Proof of Service"
  },
  {
   "fieldname": "instrument",
   "fieldtype": "Link",
   "in_list_view": 1,
   "label": "Instrument",
   "options": "Instrument",
   "reqd": 1
  }
 ],
 "istable": 1,
 "links": [],
 "modified": "2025-08-15 23:09:19.118518",
 "modified_by": "Administrator",
 "module": "Instrument Profile",
 "name": "Customer External Work Log",
 "owner": "Administrator",
 "permissions": [],
 "row_format": "Dynamic",
 "sort_field": "modified",
 "sort_order": "DESC",
 "states": [],
 "track_changes": 1
}