{
 "actions": [],
 "autoname": "OPRT-.#####",
 "creation": "2025-07-29 23:47:01.082976",
 "doctype": "DocType",
 "engine": "InnoDB",
 "field_order": [
  "operation_type",
  "section",
  "component_ref",
  "details",
  "completed"
 ],
 "fields": [
  {
   "fieldname": "operation_type",
   "fieldtype": "Data",
   "in_list_view": 1,
   "label": "Operation Type",
   "reqd": 1
  },
  {
   "fieldname": "section",
   "fieldtype": "Data",
   "in_list_view": 1,
   "label": "Section"
  },
  {
   "fieldname": "component_ref",
   "fieldtype": "Data",
   "in_list_view": 1,
   "label": "Component Ref (Tone Hole, Key, etc.)"
  },
  {
   "fieldname": "details",
   "fieldtype": "Small Text",
   "label": "Details / Notes"
  },
  {
   "default": "0",
   "fieldname": "completed",
   "fieldtype": "Check",
   "in_list_view": 1,
   "label": "Completed"
  }
 ],
 "istable": 1,
 "links": [],
 "modified": "2025-07-29 23:50:13.975660",
 "modified_by": "Administrator",
 "module": "Repair",
 "name": "Operation Template",
 "naming_rule": "Expression (old style)",
 "owner": "Administrator",
 "permissions": [],
 "row_format": "Dynamic",
 "sort_field": "modified",
 "sort_order": "DESC",
 "states": []
}