{
  "doctype": "Print Format",
  "name": "Instrument Profile Summary",
  "doc_type": "Instrument Profile",
  "module": "Instrument Profile",
  "print_format_type": "Jinja",
  "standard": 1,
  "html": "<div style=\"font-family:Helvetica Neue, sans-serif; padding:30px;\">\n  <h2 style=\"border-bottom:2px solid #ccc; padding-bottom:10px;\">Instrument Profile Summary</h2>\n  <p><strong>Serial #:</strong> {{ doc.serial_number }}</p>\n  <p><strong>Model:</strong> {{ doc.model }}</p>\n  <p><strong>Owner:</strong> {{ doc.owner_name }}</p>\n  <p><strong>Last Service Date:</strong> {{ doc.last_service_date }}</p>\n  <hr style=\"margin:20px 0;\">\n\n  <h4>Repair History</h4>\n  <ul>\n    {% for entry in doc.repair_history %}\n      <li><b>{{ entry.repair_order }}</b> — {{ entry.status }} ({{ entry.promised_date }})</li>\n    {% endfor %}\n  </ul>\n\n  <h4>External Work Logs</h4>\n  {% set logs = frappe.get_all(\"Customer External Work Log\", filters={\"instrument_profile\": doc.name}, fields=[\"service_date\",\"service_type\",\"external_shop_name\",\"service_notes\"]) %}\n  <ul>\n    {% for log in logs %}\n      <li><b>{{ log.service_date }}</b>: {{ log.service_type }} — {{ log.service_notes }} ({{ log.external_shop_name }})</li>\n    {% endfor %}\n  </ul>\n</div>"
}