{
    "doctype": "Workflow",
    "workflow_name": "Tool Lifecycle",
    "label": "Tool Lifecycle",
    "name": "Tool Lifecycle",
    "doc_type": "Tool",
    "module": "Tools",
    "description": "Workflow for managing the lifecycle of tools in the repair portal.",
    "workflow_id": "Tool Lifecycle",
    "document_type": "Tool",
    "is_active": 1,
    "workflow_state_field": "workflow_state",
    "states": [
        {
            "state": "Available",
            "doc_status": 0,
            "allow_edit": "Service Manager"
        },
        {
            "state": "Out for Calibration",
            "doc_status": 0,
            "allow_edit": "Service Manager"
        },
        {
            "state": "Retired",
            "doc_status": 1,
            "allow_edit": "System Manager"
        }
    ],
    "transitions": [
        {
            "state": "Available",
            "action": "Send for Calibration",
            "next_state": "Out for Calibration",
            "allowed": "Service Manager"
        },
        {
            "state": "Out for Calibration",
            "action": "Return to Service",
            "next_state": "Available",
            "allowed": "Service Manager"
        },
        {
            "state": "Available",
            "action": "Retire Tool",
            "next_state": "Retired",
            "allowed": "System Manager"
        }
    ],
    "is_standard": 1,
    "sync_on_migrate": 1
}
