{
  "doctype": "Web Form",
  "name": "Client Instrument Profile",
  "module": "Instrument Profile",
  "title": "Client Instrument Profile",
  "web_form_name": "client_instrument_profile",
  "is_standard": 1,
  "login_required": 1,
  "is_published": 1,
  "doc_type": "Instrument Profile",
  "web_form_fields": [
    {
      "fieldname": "instrument_category",
      "label": "Instrument Category",
      "fieldtype": "Select",
      "options": "Clarinet\nBass Clarinet\nContrabass Clarinet",
      "reqd": 1
    },
    {
      "fieldname": "brand",
      "label": "Make / Brand",
      "fieldtype": "Data",
      "reqd": 1
    },
    {
      "fieldname": "model",
      "label": "Model",
      "fieldtype": "Data",
      "reqd": 1
    },
    {
      "fieldname": "serial_no",
      "label": "Serial Number",
      "fieldtype": "Data",
      "reqd": 1
    },
    {
      "fieldname": "purchase_receipt",
      "label": "Upload Purchase Receipt",
      "fieldtype": "Attach"
    },
    {
      "fieldname": "condition_images",
      "label": "Upload Condition Images",
      "fieldtype": "Table",
      "options": "Image Log Entry"
    },
    {
      "fieldname": "repair_preferences",
      "label": "Client Notes / Repair Preferences",
      "fieldtype": "Small Text"
    },
    {
      "fieldname": "anonymize_for_research",
      "label": "Allow Anonymized Sharing",
      "fieldtype": "Check"
    }
  ]
}
