{
  "doctype": "Report",
  "name": "Follow Up Compliance",
  "report_name": "Follow-Up Compliance",
  "report_type": "Script Report",
  "is_standard": "Yes",
  "ref_doctype": "Clarinet Intake",
  "columns": [
    {
      "fieldname": "customer",
      "label": "Customer",
      "fieldtype": "Link",
      "options": "Customer",
      "width": 200
    },
    {
      "fieldname": "follow_up_due_date",
      "label": "Follow-Up Due",
      "fieldtype": "Date",
      "width": 150
    },
    {
      "fieldname": "follow_up_completed",
      "label": "Completed",
      "fieldtype": "Check",
      "width": 100
    }
  ],
  "filters": [
    {
      "fieldname": "name",
      "label": "Name",
      "fieldtype": "Data",
      "default": ""
    }
  ]
}