{
 "actions": [],
 "creation": "2025-07-29 23:43:10.602541",
 "doctype": "DocType",
 "editable_grid": 1,
 "engine": "InnoDB",
 "field_order": [
  "item_name",
  "qty",
  "used_on",
  "remarks",
  "source_warehouse",
  "operation_type",
  "operation_link"
 ],
 "fields": [
  {
   "default": "1",
   "fieldname": "qty",
   "fieldtype": "Float",
   "in_list_view": 1,
   "label": "Quantity",
   "reqd": 1
  },
  {
   "fieldname": "used_on",
   "fieldtype": "Data",
   "label": "Used On (Key or Pad)"
  },
  {
   "fieldname": "remarks",
   "fieldtype": "Small Text",
   "label": "Remarks"
  },
  {
   "fieldname": "source_warehouse",
   "fieldtype": "Link",
   "label": "Source Warehouse",
   "options": "Warehouse"
  },
  {
   "fieldname": "operation_type",
   "fieldtype": "Link",
   "in_list_view": 1,
   "label": "Operation Type",
   "options": "DocType"
  },
  {
   "fieldname": "operation_link",
   "fieldtype": "Dynamic Link",
   "in_list_view": 1,
   "label": "Operation",
   "options": "operation_type"
  },
  {
   "fieldname": "item_name",
   "fieldtype": "Link",
   "in_list_view": 1,
   "label": "Item",
   "options": "Item",
   "reqd": 1
  }
 ],
 "istable": 1,
 "links": [],
 "modified": "2025-07-29 23:48:35.365784",
 "modified_by": "Administrator",
 "module": "Repair Logging",
 "name": "Material Use Log",
 "owner": "Administrator",
 "permissions": [],
 "row_format": "Dynamic",
 "sort_field": "modified",
 "sort_order": "DESC",
 "states": []
}