{
  "doctype": "Report",
  "name": "Inspection Kpi Report",
  "is_query_report": 0,
  "custom": 0,
  "standard": 1,
  "report_name": "Inspection KPI Report",
  "ref_doctype": "Inspection Report",
  "report_type": "Script Report",
  "is_standard": "Yes",
  "module": "QA",
  "filters": [
    {
      "fieldname": "from_date",
      "label": "From Date",
      "fieldtype": "Date",
      "default": "Today",
      "reqd": 1
    },
    {
      "fieldname": "to_date",
      "label": "To Date",
      "fieldtype": "Date",
      "default": "Today",
      "reqd": 1
    },
    {
      "fieldname": "inspection_type",
      "label": "Inspection Type",
      "fieldtype": "Select",
      "options": "Clarinet QA\nAnnual Cleaning\nRepair Check-in\nOther",
      "reqd": 0
    }
  ],
  "columns": [
    {
      "label": "Inspection Type",
      "fieldname": "inspection_type",
      "fieldtype": "Data",
      "width": 120
    },
    {
      "label": "Total Inspections",
      "fieldname": "total",
      "fieldtype": "Int",
      "width": 120
    },
    {
      "label": "First Pass Yield (%)",
      "fieldname": "first_pass_yield",
      "fieldtype": "Percent",
      "width": 150
    },
    {
      "label": "Average \u0394P (psi)",
      "fieldname": "avg_dp",
      "fieldtype": "Float",
      "width": 120
    },
    {
      "label": "Avg Spring Spread (g)",
      "fieldname": "avg_spring_spread",
      "fieldtype": "Float",
      "width": 150
    },
    {
      "label": "Re-service Rate (%)",
      "fieldname": "re_service_rate",
      "fieldtype": "Percent",
      "width": 150
    }
  ]
}