{
  "doctype": "Report",
  "name": "Repair Bay Utilization",
  "report_name": "Repair Bay Utilization",
  "ref_doctype": "Service Task",
  "report_type": "Script Report",
  "is_standard": "Yes",
  "filters": [
    {"fieldname": "from_date", "label": "From Date", "fieldtype": "Date", "default": "Today", "reqd": 0},
    {"fieldname": "to_date", "label": "To Date", "fieldtype": "Date", "default": "Today", "reqd": 0}
  ],
  "add_total_row": 1,
  "chart": {
    "type": "bar",
    "data": {"labels": [], "datasets": []},
    "colors": ["#5e64ff"]
  }
}