{
  "doctype": "Report",
  "name": "Top Upgrade Requests",
  "report_name": "Top Upgrade Requests",
  "report_type": "Script Report",
  "is_standard": "Yes",
  "ref_doctype": "Customer Upgrade Request",
  "columns": [
    {"fieldname": "upgrade_description", "label": "Upgrade", "fieldtype": "Data", "width": 300},
    {"fieldname": "total", "label": "Total Requested", "fieldtype": "Int", "width": 120}
  ],
  "filters": [{"fieldname": "name", "label": "Name", "fieldtype": "Data", "default": ""}]
}