{
    "doctype": "Workflow Action Master",
    "module": "Instrument Profile",
    "workflow_name": "Instrument Condition Workflow",
    "document_type": "Instrument Condition Record",
    "states": [
        {
            "state": "Draft",
            "doc_status": "0"
        },
        {
            "state": "Submitted",
            "doc_status": "1"
        },
        {
            "state": "Pending Inspection",
            "doc_status": "1"
        },
        {
            "state": "Inspection Complete",
            "doc_status": "1"
        },
        {
            "state": "Under Repair",
            "doc_status": "1"
        },
        {
            "state": "Repair Complete",
            "doc_status": "1"
        },
        {
            "state": "Cancelled",
            "doc_status": "2"
        }
    ],
    "transitions": [
        {
            "state": "Draft",
            "action": "Submit",
            "next_state": "Submitted",
            "allowed": "System Manager"
        },
        {
            "state": "Submitted",
            "action": "Assign for Inspection",
            "next_state": "Pending Inspection",
            "allowed": "System Manager"
        },
        {
            "state": "Pending Inspection",
            "action": "Complete Inspection",
            "next_state": "Inspection Complete",
            "allowed": "System Manager"
        },
        {
            "state": "Inspection Complete",
            "action": "Start Repair",
            "next_state": "Under Repair",
            "allowed": "System Manager",
            "condition": "doc.condition == 'Needs Repair'"
        },
        {
            "state": "Under Repair",
            "action": "Complete Repair",
            "next_state": "Repair Complete",
            "allowed": "System Manager"
        },
        {
            "state": "Draft",
            "action": "Cancel",
            "next_state": "Cancelled",
            "allowed": "System Manager"
        },
        {
            "state": "Submitted",
            "action": "Cancel",
            "next_state": "Cancelled",
            "allowed": "System Manager"
        }
    ]
}