[
  {"doctype": "Workflow State", "name": "Active", "workflow_state_name": "Active", "style": "Primary"},
  {"doctype": "Workflow State", "name": "Approved", "workflow_state_name": "Approved", "style": "Success"},
  {"doctype": "Workflow State", "name": "Archived", "workflow_state_name": "Archived", "style": "Inverse"},
  {"doctype": "Workflow State", "name": "Available", "workflow_state_name": "Available", "style": null},
  {"doctype": "Workflow State", "name": "Awaiting Customer Approval", "workflow_state_name": "Awaiting Customer Approval", "style": "Warning"},
  {"doctype": "Workflow State", "name": "Awaiting Payment", "workflow_state_name": "Awaiting Payment", "style": "Warning"},
  {"doctype": "Workflow State", "name": "Awaiting Pickup", "workflow_state_name": "Awaiting Pickup", "style": "Info"},
  {"doctype": "Workflow State", "name": "Checked In", "workflow_state_name": "Checked In", "style": null},
  {"doctype": "Workflow State", "name": "Checked Out", "workflow_state_name": "Checked Out", "style": null},
  {"doctype": "Workflow State", "name": "Closed", "workflow_state_name": "Closed", "style": null},
  {"doctype": "Workflow State", "name": "Complete", "workflow_state_name": "Complete", "style": "Success"},
  {"doctype": "Workflow State", "name": "Deleted", "workflow_state_name": "Deleted", "style": null},
  {"doctype": "Workflow State", "name": "Delivered", "workflow_state_name": "Delivered", "style": "Success"},
  {"doctype": "Workflow State", "name": "Draft", "workflow_state_name": "Draft", "style": "Inverse"},
  {"doctype": "Workflow State", "name": "Failed", "workflow_state_name": "Failed", "style": "Danger"},
  {"doctype": "Workflow State", "name": "Flagged", "workflow_state_name": "Flagged", "style": "Warning"},
  {"doctype": "Workflow State", "name": "Hold", "workflow_state_name": "Hold", "style": "Warning"},
  {"doctype": "Workflow State", "name": "In Progress", "workflow_state_name": "In Progress", "style": "Primary"},
  {"doctype": "Workflow State", "name": "Inspection", "workflow_state_name": "Inspection", "style": "Info"},
  {"doctype": "Workflow State", "name": "Loaned", "workflow_state_name": "Loaned", "style": null},
  {"doctype": "Workflow State", "name": "Open", "workflow_state_name": "Open", "style": "Primary"},
  {"doctype": "Workflow State", "name": "Out for Calibration", "workflow_state_name": "Out for Calibration", "style": "Info"},
  {"doctype": "Workflow State", "name": "Passed", "workflow_state_name": "Passed", "style": "Success"},
  {"doctype": "Workflow State", "name": "Pending", "workflow_state_name": "Pending", "style": "Warning"},
  {"doctype": "Workflow State", "name": "Pending Review", "workflow_state_name": "Pending Review", "style": "Warning"},
  {"doctype": "Workflow State", "name": "Ready for Pickup", "workflow_state_name": "Ready for Pickup", "style": "Info"},
  {"doctype": "Workflow State", "name": "Received", "workflow_state_name": "Received", "style": "Primary"},
  {"doctype": "Workflow State", "name": "Repair", "workflow_state_name": "Repair", "style": "Primary"},
  {"doctype": "Workflow State", "name": "Returned to Customer", "workflow_state_name": "Returned to Customer", "style": "Inverse"},
  {"doctype": "Workflow State", "name": "Setup", "workflow_state_name": "Setup", "style": "Info"},
  {"doctype": "Workflow State", "name": "Submitted", "workflow_state_name": "Submitted", "style": null},
  {"doctype": "Workflow State", "name": "Waiting on Client", "workflow_state_name": "Waiting on Client", "style": "Warning"}
]
