[
  {"doctype": "Workflow Action Master", "name": "Activate", "workflow_action_name": "Activate"},
  {"doctype": "Workflow Action Master", "name": "Approve", "workflow_action_name": "Approve"},
  {"doctype": "Workflow Action Master", "name": "Archive", "workflow_action_name": "Archive"},
  {"doctype": "Workflow Action Master", "name": "Attach Customer", "workflow_action_name": "Attach Customer"},
  {"doctype": "Workflow Action Master", "name": "Begin Inspection", "workflow_action_name": "Begin Inspection"},
  {"doctype": "Workflow Action Master", "name": "Close", "workflow_action_name": "Close"},
  {"doctype": "Workflow Action Master", "name": "Close and Archive", "workflow_action_name": "Close and Archive"},
  {"doctype": "Workflow Action Master", "name": "Complete", "workflow_action_name": "Complete"},
  {"doctype": "Workflow Action Master", "name": "Complete Repair/Setup", "workflow_action_name": "Complete Repair/Setup"},
  {"doctype": "Workflow Action Master", "name": "Confirm Delivery", "workflow_action_name": "Confirm Delivery"},
  {"doctype": "Workflow Action Master", "name": "Confirm Return", "workflow_action_name": "Confirm Return"},
  {"doctype": "Workflow Action Master", "name": "Customer Approves", "workflow_action_name": "Customer Approves"},
  {"doctype": "Workflow Action Master", "name": "Customer Rejects", "workflow_action_name": "Customer Rejects"},
  {"doctype": "Workflow Action Master", "name": "Delete", "workflow_action_name": "Delete"},
  {"doctype": "Workflow Action Master", "name": "Deliver", "workflow_action_name": "Deliver"},
  {"doctype": "Workflow Action Master", "name": "Fail", "workflow_action_name": "Fail"},
  {"doctype": "Workflow Action Master", "name": "Flag Damage", "workflow_action_name": "Flag Damage"},
  {"doctype": "Workflow Action Master", "name": "Pass", "workflow_action_name": "Pass"},
  {"doctype": "Workflow Action Master", "name": "Process Payment & Ship", "workflow_action_name": "Process Payment & Ship"},
  {"doctype": "Workflow Action Master", "name": "Ready for Pickup", "workflow_action_name": "Ready for Pickup"},
  {"doctype": "Workflow Action Master", "name": "Reinspect", "workflow_action_name": "Reinspect"},
  {"doctype": "Workflow Action Master", "name": "Reopen", "workflow_action_name": "Reopen"},
  {"doctype": "Workflow Action Master", "name": "Return to Draft", "workflow_action_name": "Return to Draft"},
  {"doctype": "Workflow Action Master", "name": "Start", "workflow_action_name": "Start"},
  {"doctype": "Workflow Action Master", "name": "Start Work", "workflow_action_name": "Start Work"},
  {"doctype": "Workflow Action Master", "name": "Submit", "workflow_action_name": "Submit"},
  {"doctype": "Workflow Action Master", "name": "Submit Client Info", "workflow_action_name": "Submit Client Info"},
  {"doctype": "Workflow Action Master", "name": "Attach Instrument", "workflow_action_name": "Attach Instrument"},
  {"doctype": "Workflow Action Master", "name": "Detach Instrument", "workflow_action_name": "Detach Instrument"},
  {"doctype": "Workflow Action Master", "name": "Attach Player", "workflow_action_name": "Attach Player"},
  {"doctype": "Workflow Action Master", "name": "Detach Player", "workflow_action_name": "Detach Player"},
  {"doctype": "Workflow Action Master", "name": "Attach Vendor", "workflow_action_name": "Attach Vendor"},
  {"doctype": "Workflow Action Master", "name": "Detach Vendor", "workflow_action_name": "Detach Vendor"}
]
