[
  {
    "doctype": "Department",
    "department_name": "Instrument Repair",
    "parent_department": "All Departments",
    "company": "MRW Artisan Instruments",
    "is_group": 1,
    "disabled": 0
  },
  {
    "doctype": "Department",
    "department_name": "Clarinet Repair",
    "parent_department": "Instrument Repair - MAI",
    "company": "MRW Artisan Instruments",
    "is_group": 1,
    "disabled": 0
  },
  {
    "doctype": "Department",
    "department_name": "Instrument Maintenance",
    "parent_department": "Instrument Repair - MAI",
    "company": "MRW Artisan Instruments",
    "is_group": 1,
    "disabled": 0
  },
  {
    "doctype": "Department",
    "department_name": "Instrument Setup",
    "parent_department": "Instrument Repair - MAI",
    "company": "MRW Artisan Instruments",
    "is_group": 1,
    "disabled": 0
  }
]
