{
  "doctype": "Holiday List",
  "name": "US Federal Holidays 2025",
  "holiday_list_name": "US Federal Holidays 2025",
  "from_date": "2025-01-01",
  "to_date": "2025-12-31",
  "color": "#1E90FF",
  "holidays": [
    {
      "doctype": "Holiday",
      "holiday_date": "2025-01-01",
      "description": "New Year's Day",
      "weekly_off": 0
    },
    {
      "doctype": "Holiday",
      "holiday_date": "2025-01-20",
      "description": "Martin Luther King Jr. Day",
      "weekly_off": 0
    },
    {
      "doctype": "Holiday",
      "holiday_date": "2025-02-17",
      "description": "Washington's Birthday (Presidents Day)",
      "weekly_off": 0
    },
    {
      "doctype": "Holiday",
      "holiday_date": "2025-05-26",
      "description": "Memorial Day",
      "weekly_off": 0
    },
    {
      "doctype": "Holiday",
      "holiday_date": "2025-06-19",
      "description": "Juneteenth National Independence Day",
      "weekly_off": 0
    },
    {
      "doctype": "Holiday",
      "holiday_date": "2025-07-04",
      "description": "Independence Day",
      "weekly_off": 0
    },
    {
      "doctype": "Holiday",
      "holiday_date": "2025-09-01",
      "description": "Labor Day",
      "weekly_off": 0
    },
    {
      "doctype": "Holiday",
      "holiday_date": "2025-10-13",
      "description": "Columbus Day",
      "weekly_off": 0
    },
    {
      "doctype": "Holiday",
      "holiday_date": "2025-11-11",
      "description": "Veterans Day",
      "weekly_off": 0
    },
    {
      "doctype": "Holiday",
      "holiday_date": "2025-11-27",
      "description": "Thanksgiving Day",
      "weekly_off": 0
    },
    {
      "doctype": "Holiday",
      "holiday_date": "2025-12-25",
      "description": "Christmas Day",
      "weekly_off": 0
    },
    {
      "doctype": "Holiday",
      "holiday_date": "2025-01-24",
      "description": "National Peanut Butter Day",
      "weekly_off": 0
    },
    {
      "doctype": "Holiday",
      "holiday_date": "2025-03-14",
      "description": "Pi Day",
      "weekly_off": 0
    },
    {
      "doctype": "Holiday",
      "holiday_date": "2025-03-17",
      "description": "National Corned Beef and Cabbage Day",
      "weekly_off": 0
    },
    {
      "doctype": "Holiday",
      "holiday_date": "2025-04-22",
      "description": "Earth Day",
      "weekly_off": 0
    },
    {
      "doctype": "Holiday",
      "holiday_date": "2025-05-5",
      "description": "Cinco de Mayo",
      "weekly_off": 0
    },
    {
      "doctype": "Holiday",
      "holiday_date": "2025-06-21",
      "description": "National Selfie Day",
      "weekly_off": 0
    },
    {
      "doctype": "Holiday",
      "holiday_date": "2025-07-17",
      "description": "World Emoji Day",
      "weekly_off": 0
    },
    {
      "doctype": "Holiday",
      "holiday_date": "2025-07-20",
      "description": "National Hot Dog Day",
      "weekly_off": 0
    },
    {
      "doctype": "Holiday",
      "holiday_date": "2025-08-8",
      "description": "National Cat Day",
      "weekly_off": 0
    },
    {
      "doctype": "Holiday",
      "holiday_date": "2025-09-13",
      "description": "National Peanut Day",
      "weekly_off": 0
    },
    {
      "doctype": "Holiday",
      "holiday_date": "2025-10-14",
      "description": "National Dessert Day",
      "weekly_off": 0
    },
    {
      "doctype": "Holiday",
      "holiday_date": "2025-11-13",
      "description": "World Kindness Day",
      "weekly_off": 0
    },
    {
      "doctype": "Holiday",
      "holiday_date": "2025-12-04",
      "description": "National Cookie Day",
      "weekly_off": 0
    }
  ]
  
}
