[
  {
    "doctype": "Instrument Model",
    "brand": "Generic",
    "model": "Standard B♭ Clarinet",
    "instrument_category": "B♭",
    "body_material": "Grenadilla",
    "instrument_model_id": "Standard B♭ Clarinet"
  },
  {
    "doctype": "Instrument Model",
    "brand": "Generic",
    "model": "Standard A Clarinet",
    "instrument_category": "A",
    "body_material": "Grenadilla",
    "instrument_model_id": "Standard A Clarinet"
  },
  {
    "doctype": "Instrument Model",
    "brand": "Generic",
    "model": "Standard E♭ Clarinet",
    "instrument_category": "E♭",
    "body_material": "Grenadilla",
    "instrument_model_id": "Standard E♭ Clarinet"
  },
  {
    "doctype": "Instrument Model",
    "brand": "Generic",
    "model": "Standard C Clarinet",
    "instrument_category": "C",
    "body_material": "Grenadilla",
    "instrument_model_id": "Standard C Clarinet"
  },
  {
    "doctype": "Instrument Model",
    "brand": "Generic",
    "model": "Standard D Clarinet",
    "instrument_category": "D",
    "body_material": "Grenadilla",
    "instrument_model_id": "Standard D Clarinet"
  },
  {
    "doctype": "Instrument Model",
    "brand": "Generic",
    "model": "Standard Bass Clarinet — Low E♭",
    "instrument_category": "Bass — Low E♭",
    "body_material": "Grenadilla",
    "instrument_model_id": "Standard Bass Clarinet — Low E♭"
  },
  {
    "doctype": "Instrument Model",
    "brand": "Generic",
    "model": "Standard Bass Clarinet — Low C",
    "instrument_category": "Bass — Low C",
    "body_material": "Grenadilla",
    "instrument_model_id": "Standard Bass Clarinet — Low C"
  },
  {
    "doctype": "Instrument Model",
    "brand": "Generic",
    "model": "Standard Alto Clarinet",
    "instrument_category": "Alto",
    "body_material": "Grenadilla",
    "instrument_model_id": "Standard Alto Clarinet"
  },
  {
    "doctype": "Instrument Model",
    "brand": "Generic",
    "model": "Standard ContraAlto Clarinet",
    "instrument_category": "ContraAlto",
    "body_material": "Grenadilla",
    "instrument_model_id": "Standard ContraAlto Clarinet"
  },
  {
    "doctype": "Instrument Model",
    "brand": "Generic",
    "model": "Standard ContraBass Clarinet",
    "instrument_category": "ContraBass",
    "body_material": "Grenadilla",
    "instrument_model_id": "Standard ContraBass Clarinet"
  }
]