{
  "doctype": "Setup Template",
  "name": "SETUP-Standard A Clarinet",
  "template_name": "SETUP-Standard A Clarinet",
  "clarinet_model": "Standard A Clarinet",
  "pad_map": "PAD-MAP-Standard A Clarinet",
  "default_operations": [
    {
      "doctype": "Clarinet Setup Operation",
      "sequence": 10,
      "operation_type": "Setup",
      "section": "Upper Joint",
      "component_ref": "Instrument Intake & Safety",
      "details": "Tag instrument, verify customer notes, confirm play state. Protect finish and posts; install key clamps as needed.",
      "mandatory": 1,
      "estimated_minutes": 15,
      "work_instructions": "Gloves on. Bench mat in place. Photograph current condition. Note missing/loose parts. Verify serial.",
      "safety_notes": "Eye protection during compressed air and solvents.",
      "create_task": 0,
      "exp_start_offset_days": 0,
      "exp_duration_days": 1,
      "qc_metric": "Response",
      "qc_target": "All keys move freely; no immediate binding or loose posts.",
      "qc_tolerance": "N/A",
      "materials": [],
      "completed": 0
    },
    {
      "doctype": "Clarinet Setup Operation",
      "sequence": 20,
      "operation_type": "Setup",
      "section": "Upper Joint",
      "component_ref": "Pre-Check Leak Test (baseline)",
      "details": "Baseline leak-light and suction check to guide work.",
      "mandatory": 1,
      "estimated_minutes": 12,
      "work_instructions": "Leak-light pass tone-hole by tone-hole; annotate leaks. Gentle suction test per stack.",
      "safety_notes": "Avoid prolonged heat near pads.",
      "create_task": 0,
      "exp_start_offset_days": 0,
      "exp_duration_days": 1,
      "qc_metric": "Leak Test",
      "qc_target": "Document baseline leaks; proceed to correction steps.",
      "qc_tolerance": "N/A",
      "materials": [],
      "completed": 0
    },
    {
      "doctype": "Clarinet Setup Operation",
      "sequence": 30,
      "operation_type": "Tenon Fitting",
      "section": "Barrel",
      "component_ref": "Barrel ↔ Upper Joint Tenon",
      "details": "Inspect cork integrity, fit, and alignment. Correct high spots; ensure airtight fit.",
      "mandatory": 1,
      "estimated_minutes": 10,
      "work_instructions": "Blue/graphite transfer for high-spot mapping; dress lightly. Confirm smooth rotation and full seat.",
      "safety_notes": "Cut away from hand; dust control for cork.",
      "create_task": 0,
      "exp_start_offset_days": 0,
      "exp_duration_days": 1,
      "qc_metric": "Leak Test",
      "qc_target": "Airtight at joint; smooth on/off; zero wobble.",
      "qc_tolerance": "No detectable leak with suction/light test.",
      "materials": [],
      "completed": 0
    },
    {
      "doctype": "Clarinet Setup Operation",
      "sequence": 40,
      "operation_type": "Tenon Fitting",
      "section": "Upper Joint",
      "component_ref": "Upper ↔ Lower Joint Tenon",
      "details": "Same as above; verify bridge alignment and key interaction.",
      "mandatory": 1,
      "estimated_minutes": 10,
      "work_instructions": "Fit cork, check axial play; verify bridge keys clear and align.",
      "safety_notes": "Mind bridge key tips during assembly.",
      "create_task": 0,
      "exp_start_offset_days": 0,
      "exp_duration_days": 1,
      "qc_metric": "Leak Test",
      "qc_target": "Airtight; smooth seat; precise bridge alignment.",
      "qc_tolerance": "No leak; no lateral play.",
      "materials": [],
      "completed": 0
    },
    {
      "doctype": "Clarinet Setup Operation",
      "sequence": 50,
      "operation_type": "Tenon Fitting",
      "section": "Lower Joint",
      "component_ref": "Lower Joint ↔ Bell Tenon",
      "details": "Fit and seal bell tenon cork; confirm bell resonance not damped by over-tight fit.",
      "mandatory": 1,
      "estimated_minutes": 8,
      "work_instructions": "Size cork, light dress, confirm seat depth.",
      "safety_notes": "Avoid over-compression glazing the cork.",
      "create_task": 0,
      "exp_start_offset_days": 0,
      "exp_duration_days": 1,
      "qc_metric": "Response",
      "qc_target": "Free bell resonance; no buzz; airtight.",
      "qc_tolerance": "No leak detected.",
      "materials": [],
      "completed": 0
    },

    {
      "doctype": "Clarinet Setup Operation",
      "sequence": 60,
      "operation_type": "Tone Hole Repair",
      "section": "Upper Joint",
      "component_ref": "All tone holes (upper joint)",
      "details": "Inspect rims for chips, divots, raised grain; correct.",
      "mandatory": 1,
      "estimated_minutes": 12,
      "work_instructions": "Dust+adhesive micro-fill as needed; burnish; re-true rim; verify flat with straightedge/dye.",
      "safety_notes": "Ventilation for adhesives; protect bore.",
      "create_task": 1,
      "default_priority": "High",
      "exp_start_offset_days": 0,
      "exp_duration_days": 1,
      "qc_metric": "Leak Test",
      "qc_target": "Uniform pad print; no light at full close.",
      "qc_tolerance": "0 light; full contact 360°.",
      "materials": [],
      "completed": 0
    },
    {
      "doctype": "Clarinet Setup Operation",
      "sequence": 70,
      "operation_type": "Tone Hole Repair",
      "section": "Lower Joint",
      "component_ref": "All tone holes (lower joint)",
      "details": "Same inspection/correction for lower joint.",
      "mandatory": 1,
      "estimated_minutes": 12,
      "work_instructions": "As above; pay special attention to long E/B, F/C, F♯/C♯, and A♭/E♭ holes.",
      "safety_notes": "As above.",
      "create_task": 1,
      "default_priority": "High",
      "exp_start_offset_days": 0,
      "exp_duration_days": 1,
      "qc_metric": "Leak Test",
      "qc_target": "Uniform pad print; no light.",
      "qc_tolerance": "0 light; full contact 360°.",
      "materials": [],
      "completed": 0
    },
    {
      "doctype": "Clarinet Setup Operation",
      "sequence": 80,
      "operation_type": "Tone Hole Reaming",
      "section": "Upper Joint",
      "component_ref": "Local re-true (only where required)",
      "details": "Minimal corrective ream to remove varnish/ridge and restore true rim; avoid diameter drift.",
      "mandatory": 0,
      "estimated_minutes": 8,
      "work_instructions": "Use correctly sized pilot/reamer; 1–2 light passes; re-check pad contact.",
      "safety_notes": "Stop if diameter change measurably affects pitch.",
      "create_task": 0,
      "exp_start_offset_days": 0,
      "exp_duration_days": 1,
      "qc_metric": "Vent Height",
      "qc_target": "Rim true; original vent maintained.",
      "qc_tolerance": "No >0.1 mm change in effective vent.",
      "materials": [],
      "completed": 0
    },

    {
      "doctype": "Clarinet Setup Operation",
      "sequence": 90,
      "operation_type": "Chimney Leak",
      "section": "Upper Joint",
      "component_ref": "Chimney/body junctions",
      "details": "Detect & seal micro-leaks at chimney interface; re-dress rim.",
      "mandatory": 1,
      "estimated_minutes": 10,
      "work_instructions": "Dye test; wick thin sealant; cure; re-true rim lightly; re-check with light/suction.",
      "safety_notes": "Fumes PPE; avoid bore contamination.",
      "create_task": 1,
      "default_priority": "High",
      "exp_start_offset_days": 0,
      "exp_duration_days": 1,
      "qc_metric": "Leak Test",
      "qc_target": "No leak at chimney after cure.",
      "qc_tolerance": "0 light; holds negative pressure ≥3 s.",
      "materials": [],
      "completed": 0
    },

    {
      "doctype": "Clarinet Setup Operation",
      "sequence": 100,
      "operation_type": "Pad Leveling",
      "section": "Upper Joint",
      "component_ref": "LH stack + throat + register group",
      "details": "True cups, float/seat pads, set pad angles for full seal.",
      "mandatory": 1,
      "estimated_minutes": 25,
      "work_instructions": "Check cup plane; shim/float; heat-seat evenly; verify uniform impression.",
      "safety_notes": "Heat control to avoid pad damage.",
      "create_task": 0,
      "exp_start_offset_days": 0,
      "exp_duration_days": 1,
      "qc_metric": "Leak Test",
      "qc_target": "No light; negative pressure hold ≥3 s per close.",
      "qc_tolerance": "Zero light anywhere on rim.",
      "materials": [],
      "completed": 0
    },
    {
      "doctype": "Clarinet Setup Operation",
      "sequence": 110,
      "operation_type": "Pad Leveling",
      "section": "Lower Joint",
      "component_ref": "RH stack + long B/F/E♭ cluster",
      "details": "As above for lower joint pads including linked closures.",
      "mandatory": 1,
      "estimated_minutes": 25,
      "work_instructions": "Float and seat; coordinate linked key closures (e.g., long B/F).",
      "safety_notes": "Heat control.",
      "create_task": 0,
      "exp_start_offset_days": 0,
      "exp_duration_days": 1,
      "qc_metric": "Leak Test",
      "qc_target": "No light; negative pressure hold ≥3 s.",
      "qc_tolerance": "Zero light.",
      "materials": [],
      "completed": 0
    },
    {
      "doctype": "Clarinet Setup Operation",
      "sequence": 120,
      "operation_type": "Key Height Adjustment",
      "section": "Upper Joint",
      "component_ref": "Throat A, A♯/B♭, side keys",
      "details": "Set vent heights for balance of response/intonation; verify twelfths.",
      "mandatory": 1,
      "estimated_minutes": 15,
      "work_instructions": "Set travel stops; measure with feeler gauges; play-check open G–A–B♭ and twelfths.",
      "safety_notes": "None.",
      "create_task": 0,
      "exp_start_offset_days": 0,
      "exp_duration_days": 1,
      "qc_metric": "Key Height",
      "qc_target": "Even venting; typical 0.9–1.1 mm for throat group (model dependent).",
      "qc_tolerance": "±0.1 mm within group; twelfths within ±5 cents.",
      "materials": [],
      "completed": 0
    },
    {
      "doctype": "Clarinet Setup Operation",
      "sequence": 130,
      "operation_type": "Key Height Adjustment",
      "section": "Lower Joint",
      "component_ref": "RH stack + long keys",
      "details": "Set stack heights and linked closures for evenness and stable twelfths.",
      "mandatory": 1,
      "estimated_minutes": 15,
      "work_instructions": "Balance heights across RH stack; confirm long B/F linkage does not over-vent.",
      "safety_notes": "None.",
      "create_task": 0,
      "exp_start_offset_days": 0,
      "exp_duration_days": 1,
      "qc_metric": "Key Height",
      "qc_target": "Even venting across RH stack for smooth scale.",
      "qc_tolerance": "±0.1 mm within group; twelfths within ±5 cents.",
      "materials": [],
      "completed": 0
    },
    {
      "doctype": "Clarinet Setup Operation",
      "sequence": 140,
      "operation_type": "Spring Tension Adjustment",
      "section": "Upper Joint",
      "component_ref": "LH stack + auxiliary",
      "details": "Balance return force for speed with minimal finger load.",
      "mandatory": 1,
      "estimated_minutes": 10,
      "work_instructions": "Measure with gram gauge; match neighboring keys; remove coil stress points.",
      "safety_notes": "Eye protection (springs).",
      "create_task": 0,
      "exp_start_offset_days": 0,
      "exp_duration_days": 1,
      "qc_metric": "Spring Balance",
      "qc_target": "Uniform feel; typical LH stack ~30–45 gf.",
      "qc_tolerance": "±5 gf within group.",
      "materials": [],
      "completed": 0
    },
    {
      "doctype": "Clarinet Setup Operation",
      "sequence": 150,
      "operation_type": "Spring Tension Adjustment",
      "section": "Lower Joint",
      "component_ref": "RH stack + long keys",
      "details": "Balance long key return vs link friction; ensure positive close.",
      "mandatory": 1,
      "estimated_minutes": 10,
      "work_instructions": "Gauge and match; ensure linked closures do not lag.",
      "safety_notes": "Eye protection.",
      "create_task": 0,
      "exp_start_offset_days": 0,
      "exp_duration_days": 1,
      "qc_metric": "Spring Balance",
      "qc_target": "Uniform feel; typical RH stack/long keys ~35–55 gf.",
      "qc_tolerance": "±5 gf within group.",
      "materials": [],
      "completed": 0
    },
    {
      "doctype": "Clarinet Setup Operation",
      "sequence": 160,
      "operation_type": "Cork Replacement",
      "section": "Upper Joint",
      "component_ref": "Register key cork (beveled)",
      "details": "Replace register cork with beveled geometry for silent closure and stable vent.",
      "mandatory": 1,
      "estimated_minutes": 12,
      "work_instructions": "Select proper density; cut bevel for glide; cement, cure, final dress to spec height.",
      "safety_notes": "Adhesive fumes; blade safety.",
      "create_task": 0,
      "exp_start_offset_days": 0,
      "exp_duration_days": 1,
      "qc_metric": "Key Height",
      "qc_target": "Register pad gap/vent per model spec; silent actuation.",
      "qc_tolerance": "No audible thump; gap repeats within ±0.1 mm.",
      "materials": [],
      "completed": 0
    },
    {
      "doctype": "Clarinet Setup Operation",
      "sequence": 170,
      "operation_type": "Pad Leveling",
      "section": "Upper Joint",
      "component_ref": "Verify seat & seal (all pads, upper)",
      "details": "Re-verify pad impressions after height/spring/cork changes.",
      "mandatory": 1,
      "estimated_minutes": 8,
      "work_instructions": "Leak-light + suction; correct micro leaks.",
      "safety_notes": "Heat control.",
      "create_task": 0,
      "exp_start_offset_days": 0,
      "exp_duration_days": 1,
      "qc_metric": "Leak Test",
      "qc_target": "Zero light on all upper pads.",
      "qc_tolerance": "Holds negative pressure ≥3 s.",
      "materials": [],
      "completed": 0
    },
    {
      "doctype": "Clarinet Setup Operation",
      "sequence": 180,
      "operation_type": "Pad Leveling",
      "section": "Lower Joint",
      "component_ref": "Verify seat & seal (all pads, lower)",
      "details": "Same verification for lower joint.",
      "mandatory": 1,
      "estimated_minutes": 8,
      "work_instructions": "Leak-light + suction; correct micro leaks.",
      "safety_notes": "Heat control.",
      "create_task": 0,
      "exp_start_offset_days": 0,
      "exp_duration_days": 1,
      "qc_metric": "Leak Test",
      "qc_target": "Zero light on all lower pads.",
      "qc_tolerance": "Holds negative pressure ≥3 s.",
      "materials": [],
      "completed": 0
    },
    {
      "doctype": "Clarinet Setup Operation",
      "sequence": 190,
      "operation_type": "Setup",
      "section": "Upper Joint",
      "component_ref": "Lube & quiet keys",
      "details": "Oil pivots/rods, treat felts/corks, eliminate clicks.",
      "mandatory": 1,
      "estimated_minutes": 10,
      "work_instructions": "Tiny oil on bearings only; wipe excess; confirm silence.",
      "safety_notes": "Keep oil off pads/wood.",
      "create_task": 0,
      "exp_start_offset_days": 0,
      "exp_duration_days": 1,
      "qc_metric": "Response",
      "qc_target": "Silent action; free return.",
      "qc_tolerance": "No audible mechanical noise at mezzo-forte fingerings.",
      "materials": [],
      "completed": 0
    },
    {
      "doctype": "Clarinet Setup Operation",
      "sequence": 200,
      "operation_type": "Setup",
      "section": "Upper Joint",
      "component_ref": "Final Leak Test (assembled)",
      "details": "Full assembled leak test to confirm global seal.",
      "mandatory": 1,
      "estimated_minutes": 6,
      "work_instructions": "Leak-light sweep; suction per stack; correct any regression.",
      "safety_notes": "None.",
      "create_task": 0,
      "exp_start_offset_days": 0,
      "exp_duration_days": 1,
      "qc_metric": "Leak Test",
      "qc_target": "Zero light across instrument; stable holds.",
      "qc_tolerance": "Holds negative pressure ≥3 s per group.",
      "materials": [],
      "completed": 0
    },
    {
      "doctype": "Clarinet Setup Operation",
      "sequence": 210,
      "operation_type": "Setup",
      "section": "Upper Joint",
      "component_ref": "Pitch & Response Check",
      "details": "Confirm A4 reference and twelfths; micro-adjust heights if needed.",
      "mandatory": 1,
      "estimated_minutes": 8,
      "work_instructions": "Tune at A=440/442 per shop standard; check twelfths and throat notes for balance.",
      "safety_notes": "Hearing protection if using sustained tones.",
      "create_task": 0,
      "exp_start_offset_days": 0,
      "exp_duration_days": 1,
      "qc_metric": "Pitch@A4",
      "qc_target": "A4 within ±5 cents at target pitch; twelfths balanced.",
      "qc_tolerance": "±5 cents A4; twelfths within ±7 cents.",
      "materials": [],
      "completed": 0
    },
    {
      "doctype": "Clarinet Setup Operation",
      "sequence": 220,
      "operation_type": "Setup",
      "section": "Lower Joint",
      "component_ref": "Final Play Test & Sign-off",
      "details": "Full scale, articulation, interval slurs; document QC.",
      "mandatory": 1,
      "estimated_minutes": 7,
      "work_instructions": "Slow/fast scales, pp–ff, side-key trills; document results and any advisories.",
      "safety_notes": "Sanitize mouthpiece afterward.",
      "create_task": 0,
      "exp_start_offset_days": 0,
      "exp_duration_days": 1,
      "qc_metric": "Response",
      "qc_target": "Even response and clean articulation across range.",
      "qc_tolerance": "No sticking; no mechanical noise; stable scale.",
      "materials": [],
      "completed": 0
    }
  ],
  "checklist_items": [
    {
      "doctype": "Setup Checklist Item",
      "task": "Perform Environmental Logging & Acclimatization",
      "notes": "Acclimate case for ≥4 hours at 45–55% RH before opening."
    },
    {
      "doctype": "Setup Checklist Item",
      "task": "Complete Visual and Tactile Inspection",
      "notes": "Inspect wood and keywork; document pad/cork condition; upload photos."
    },
    {
      "doctype": "Setup Checklist Item",
      "task": "Assess Initial Tenon Fit (Dry Fit)",
      "notes": "Assemble dry; classify fits; log each joint."
    },
    {
      "doctype": "Setup Checklist Item",
      "task": "Execute Standardized Break-In Schedule",
      "notes": "14 days, 20–30 min/day; swab thoroughly after each use."
    },
    {
      "doctype": "Setup Checklist Item",
      "task": "Perform Bore Oiling",
      "notes": "Light coat only; avoid pads; remove excess after rest."
    },
    {
      "doctype": "Setup Checklist Item",
      "task": "Verify Tone Hole Geometry",
      "notes": "Inspect rims/undercutting; correct imperfections."
    },
    {
      "doctype": "Setup Checklist Item",
      "task": "Precision Tenon Cork Replacement",
      "notes": "Premium cork; sand to precise diameter; log measurements."
    },
    {
      "doctype": "Setup Checklist Item",
      "task": "Select and Install All Pads",
      "notes": "Float pads parallel; verify seal with feeler gauge."
    },
    {
      "doctype": "Setup Checklist Item",
      "task": "Optimize Key Heights (Venting)",
      "notes": "Measure and adjust to A-clarinet targets."
    },
    {
      "doctype": "Setup Checklist Item",
      "task": "Calibrate Spring Tensions",
      "notes": "Adjust to predefined gram-force specs."
    },
    {
      "doctype": "Setup Checklist Item",
      "task": "Inter-Key Regulation",
      "notes": "Linked mechanisms close in perfect synchrony."
    },
    {
      "doctype": "Setup Checklist Item",
      "task": "Validate System-Wide Airtightness",
      "notes": "Magnehelic ≤ 0.2 required for certification."
    },
    {
      "doctype": "Setup Checklist Item",
      "task": "Generate Empirical Pitch Curve",
      "notes": "Map intonation tendencies across full range."
    },
    {
      "doctype": "Setup Checklist Item",
      "task": "Voicing and Micro-Adjustments",
      "notes": "Resolve outliers beyond ±5 cents."
    },
    {
      "doctype": "Setup Checklist Item",
      "task": "Final Performance Validation",
      "notes": "Holistic play-test; document response/timbre/feel."
    },
    {
      "doctype": "Setup Checklist Item",
      "task": "Generate Certificate of Acoustic Performance",
      "notes": "Compile logs, data, photos for client report."
    },
    {
      "doctype": "Setup Checklist Item",
      "task": "Complete Final Documentation and Client Handover",
      "notes": "Ensure all logs, photos, and certificates are ready for client."
    },
    {
      "doctype": "Setup Checklist Item",
      "task": "Conduct Post-Setup Review",
      "notes": "Gather feedback, assess performance, and identify improvements."
    }
  ],
  "template_tasks": [
    {
      "doctype": "Clarinet Template Task",
      "sequence": 10,
      "subject": "0.1 Create Work Order",
      "description": "Open work order; scope, due date, client notes.",
      "default_priority": "Medium",
      "exp_start_offset_days": 0,
      "exp_duration_days": 1
    },
    {
      "doctype": "Clarinet Template Task",
      "sequence": 20,
      "subject": "0.2 Visual Triage & Safety Check",
      "description": "Immediate risk screen; structural/keywork issues.",
      "default_priority": "High",
      "exp_start_offset_days": 0,
      "exp_duration_days": 1
    },
    {
      "doctype": "Clarinet Template Task",
      "sequence": 30,
      "subject": "0.3 Intake Inventory & Photos",
      "description": "Inventory accessories; serials; high-res photos.",
      "default_priority": "Medium",
      "exp_start_offset_days": 0,
      "exp_duration_days": 1
    },
    {
      "doctype": "Clarinet Template Task",
      "sequence": 40,
      "subject": "0.4 Player Profile & Preferences",
      "description": "Back-pressure, pitch standard (A=440/441), articulation.",
      "default_priority": "Medium",
      "exp_start_offset_days": 0,
      "exp_duration_days": 1
    },
    {
      "doctype": "Clarinet Template Task",
      "sequence": 50,
      "subject": "0.5 Parts Availability Check",
      "description": "Confirm pads, corks, felts, adhesives availability.",
      "default_priority": "Medium",
      "exp_start_offset_days": 0,
      "exp_duration_days": 1
    },

    {
      "doctype": "Clarinet Template Task",
      "sequence": 60,
      "subject": "1.1 Prep Environment & Start Data Log",
      "description": "Stabilize temperature/RH; start environmental logger.",
      "default_priority": "High",
      "exp_start_offset_days": 0,
      "exp_duration_days": 1
    },
    {
      "doctype": "Clarinet Template Task",
      "sequence": 70,
      "subject": "1.2 Acclimatize Instrument",
      "description": "Acclimatization window prior to diagnostics.",
      "default_priority": "Medium",
      "exp_start_offset_days": 0,
      "exp_duration_days": 1
    },
    {
      "doctype": "Clarinet Template Task",
      "sequence": 80,
      "subject": "1.3 Wood Moisture/Condition Note",
      "description": "Assess moisture/condition; note risks.",
      "default_priority": "Medium",
      "exp_start_offset_days": 1,
      "exp_duration_days": 1
    },

    {
      "doctype": "Clarinet Template Task",
      "sequence": 90,
      "subject": "2.1 Tenon Fit (No Grease) — Baseline",
      "description": "Dry-fit feel, lateral play, pull-out force baseline.",
      "default_priority": "High",
      "exp_start_offset_days": 1,
      "exp_duration_days": 1
    },
    {
      "doctype": "Clarinet Template Task",
      "sequence": 100,
      "subject": "2.2 Bore & Tone-Hole Map",
      "description": "Borescope; map tone-hole flatness/finish; note variances.",
      "default_priority": "High",
      "exp_start_offset_days": 1,
      "exp_duration_days": 1
    },
    {
      "doctype": "Clarinet Template Task",
      "sequence": 110,
      "subject": "2.3 Keywork Survey",
      "description": "Check endplay/sideplay; bent keys/rods; fasteners.",
      "default_priority": "Medium",
      "exp_start_offset_days": 1,
      "exp_duration_days": 1
    },
    {
      "doctype": "Clarinet Template Task",
      "sequence": 120,
      "subject": "2.4 Pad & Spring Condition",
      "description": "Per-key pad type/condition; spring material/condition.",
      "default_priority": "Medium",
      "exp_start_offset_days": 1,
      "exp_duration_days": 1
    },
    {
      "doctype": "Clarinet Template Task",
      "sequence": 130,
      "subject": "2.5 Airtightness (Baseline)",
      "description": "Method + reading; locate/record leaks.",
      "default_priority": "High",
      "exp_start_offset_days": 1,
      "exp_duration_days": 1
    },
    {
      "doctype": "Clarinet Template Task",
      "sequence": 140,
      "subject": "2.6 Quick Intonation Pass",
      "description": "Reference pitch set; sketch initial pitch tendencies.",
      "default_priority": "Medium",
      "exp_start_offset_days": 1,
      "exp_duration_days": 1
    },
    {
      "doctype": "Clarinet Template Task",
      "sequence": 150,
      "subject": "2.7 Parts/Risk Finalization & Client OK",
      "description": "Finalize parts list/risks; client approval before invasive work.",
      "default_priority": "High",
      "exp_start_offset_days": 2,
      "exp_duration_days": 1
    },

    {
      "doctype": "Clarinet Template Task",
      "sequence": 160,
      "subject": "3.1 Disassembly & Cleaning",
      "description": "Systematic teardown; clean; tray/label sub-assemblies.",
      "default_priority": "High",
      "exp_start_offset_days": 3,
      "exp_duration_days": 1
    },
    {
      "doctype": "Clarinet Template Task",
      "sequence": 170,
      "subject": "3.2 Keywork Truing & Play Control",
      "description": "Straighten keys/rods; swedge/re-tube; set end/sideplay.",
      "default_priority": "High",
      "exp_start_offset_days": 3,
      "exp_duration_days": 1
    },
    {
      "doctype": "Clarinet Template Task",
      "sequence": 180,
      "subject": "3.3 Tone-Hole Flatting/Chamfering",
      "description": "Correct tone-hole surfaces while preserving geometry.",
      "default_priority": "High",
      "exp_start_offset_days": 4,
      "exp_duration_days": 1
    },
    {
      "doctype": "Clarinet Template Task",
      "sequence": 190,
      "subject": "3.4 Tenon Corks (Replace/Refit)",
      "description": "Install premium corks; sand to spec; log diameters.",
      "default_priority": "High",
      "exp_start_offset_days": 4,
      "exp_duration_days": 1
    },
    {
      "doctype": "Clarinet Template Task",
      "sequence": 200,
      "subject": "3.5 Pad Selection & Installation",
      "description": "Select/install pads; float/seat; verify seal.",
      "default_priority": "High",
      "exp_start_offset_days": 5,
      "exp_duration_days": 2
    },
    {
      "doctype": "Clarinet Template Task",
      "sequence": 210,
      "subject": "3.6 Springing & Regulation",
      "description": "Adjust spring tensions to A-clarinet gram-force targets; synchronize linkages.",
      "default_priority": "High",
      "exp_start_offset_days": 6,
      "exp_duration_days": 1
    },
    {
      "doctype": "Clarinet Template Task",
      "sequence": 220,
      "subject": "3.7 Initial Key Heights (Venting)",
      "description": "Set venting per A-clarinet spec; trim stops.",
      "default_priority": "High",
      "exp_start_offset_days": 6,
      "exp_duration_days": 1
    },
    {
      "doctype": "Clarinet Template Task",
      "sequence": 230,
      "subject": "3.8 Airtightness (Post-Mechanical)",
      "description": "Comprehensive leak test after mechanics/pads/regulation.",
      "default_priority": "High",
      "exp_start_offset_days": 7,
      "exp_duration_days": 1
    },

    {
      "doctype": "Clarinet Template Task",
      "sequence": 240,
      "subject": "4.1 Pitch Curve (Baseline)",
      "description": "Measure cent deviation across full range; capture environment & setup.",
      "default_priority": "High",
      "exp_start_offset_days": 8,
      "exp_duration_days": 1
    },
    {
      "doctype": "Clarinet Template Task",
      "sequence": 250,
      "subject": "4.2 Voicing & Micro-Adjust",
      "description": "Iterative key-height/pad/undercut micro-adjust to targets.",
      "default_priority": "High",
      "exp_start_offset_days": 9,
      "exp_duration_days": 2
    },
    {
      "doctype": "Clarinet Template Task",
      "sequence": 260,
      "subject": "4.3 Response & Articulation Validation",
      "description": "Attacks pp–ff; register transitions; throat/altissimo stability.",
      "default_priority": "High",
      "exp_start_offset_days": 10,
      "exp_duration_days": 1
    },
    {
      "doctype": "Clarinet Template Task",
      "sequence": 270,
      "subject": "4.4 Iteration / Lock Targets",
      "description": "Converge and lock final regulation and acoustic targets.",
      "default_priority": "High",
      "exp_start_offset_days": 11,
      "exp_duration_days": 1
    },

    {
      "doctype": "Clarinet Template Task",
      "sequence": 280,
      "subject": "5.1 Airtightness (Final QA)",
      "description": "Final documented airtightness to shop standard.",
      "default_priority": "High",
      "exp_start_offset_days": 12,
      "exp_duration_days": 1
    },
    {
      "doctype": "Clarinet Template Task",
      "sequence": 290,
      "subject": "5.2 Functional QA (Cycle Test)",
      "description": "Cycle keys (e.g., 50x); verify rebound, silence, regulation stability.",
      "default_priority": "High",
      "exp_start_offset_days": 12,
      "exp_duration_days": 1
    },
    {
      "doctype": "Clarinet Template Task",
      "sequence": 300,
      "subject": "5.3 Play-Test Sign-Off",
      "description": "Holistic musical test; final technician sign-off.",
      "default_priority": "High",
      "exp_start_offset_days": 13,
      "exp_duration_days": 1
    },
    {
      "doctype": "Clarinet Template Task",
      "sequence": 310,
      "subject": "5.4 Documentation Pack",
      "description": "Photos; measurements; pitch map; care guide; warranty.",
      "default_priority": "Medium",
      "exp_start_offset_days": 13,
      "exp_duration_days": 1
    },
    {
      "doctype": "Clarinet Template Task",
      "sequence": 320,
      "subject": "5.5 Certificate of Acoustic Performance",
      "description": "Generate and attach certificate; QA manager sign-off.",
      "default_priority": "High",
      "exp_start_offset_days": 13,
      "exp_duration_days": 1
    },

    {
      "doctype": "Clarinet Template Task",
      "sequence": 330,
      "subject": "6.1 Client Handover & Demo",
      "description": "Demonstrate results; review measured outcomes and characteristics.",
      "default_priority": "Medium",
      "exp_start_offset_days": 14,
      "exp_duration_days": 1
    },
    {
      "doctype": "Clarinet Template Task",
      "sequence": 340,
      "subject": "6.2 Care & Break-In Guide",
      "description": "Provide care + break-in guidance for pads and humidity control.",
      "default_priority": "Medium",
      "exp_start_offset_days": 14,
      "exp_duration_days": 1
    },
    {
      "doctype": "Clarinet Template Task",
      "sequence": 350,
      "subject": "6.3 Follow-Up Check Booking",
      "description": "Schedule post-break-in check; set reminders.",
      "default_priority": "Medium",
      "exp_start_offset_days": 14,
      "exp_duration_days": 1
    },

    {
      "doctype": "Clarinet Template Task",
      "sequence": 900,
      "subject": "C1 Tool Calibration Log (Pre-Work Check)",
      "description": "Verify calibration status (spring gauge, feelers, manometer, calipers).",
      "default_priority": "High",
      "exp_start_offset_days": 0,
      "exp_duration_days": 1
    },
    {
      "doctype": "Clarinet Template Task",
      "sequence": 910,
      "subject": "C2 Materials & Lot Tracking",
      "description": "Record lot/batch numbers for corks, pads, adhesives, oils; link to work order.",
      "default_priority": "Medium",
      "exp_start_offset_days": 5,
      "exp_duration_days": 1
    },
    {
      "doctype": "Clarinet Template Task",
      "sequence": 920,
      "subject": "C3 Audit Sampling (1-in-10) Post-Delivery",
      "description": "Random post-delivery QA sampling; document findings and corrective actions.",
      "default_priority": "Low",
      "exp_start_offset_days": 21,
      "exp_duration_days": 1
    }
  ],
  "clarinet_task_depends_on": [
    {
      "doctype": "Clarinet Template Task Depends On",
      "subject": "Baseline Leak-Light & Suction Check",
      "depends_on_subjects": ["Intake, Tagging & Baseline Photos"]
    },

    {
      "doctype": "Clarinet Task Depends On",
      "subject": "Tenon Fit — Barrel ↔ Upper Joint",
      "depends_on_subjects": ["Baseline Leak-Light & Suction Check"]
    },
    {
      "doctype": "Clarinet Task Depends On",
      "subject": "Tenon Fit — Upper ↔ Lower Joint",
      "depends_on_subjects": ["Baseline Leak-Light & Suction Check"]
    },
    {
      "doctype": "Clarinet Task Depends On",
      "subject": "Tenon Fit — Lower Joint ↔ Bell",
      "depends_on_subjects": ["Baseline Leak-Light & Suction Check"]
    },

    {
      "doctype": "Clarinet Task Depends On",
      "subject": "Tone Hole Inspection & Micro-Repair — Upper Joint",
      "depends_on_subjects": ["Baseline Leak-Light & Suction Check"]
    },
    {
      "doctype": "Clarinet Task Depends On",
      "subject": "Tone Hole Inspection & Micro-Repair — Lower Joint",
      "depends_on_subjects": ["Baseline Leak-Light & Suction Check"]
    },
    {
      "doctype": "Clarinet Task Depends On",
      "subject": "Minimal Corrective Reaming (As-Needed)",
      "depends_on_subjects": [
        "Tone Hole Inspection & Micro-Repair — Upper Joint",
        "Tone Hole Inspection & Micro-Repair — Lower Joint"
      ]
    },

    {
      "doctype": "Clarinet Task Depends On",
      "subject": "Chimney Leak Detection & Seal",
      "depends_on_subjects": [
        "Tone Hole Inspection & Micro-Repair — Upper Joint",
        "Tone Hole Inspection & Micro-Repair — Lower Joint"
      ]
    },

    {
      "doctype": "Clarinet Task Depends On",
      "subject": "Pad Leveling & Seating — Upper Joint",
      "depends_on_subjects": [
        "Chimney Leak Detection & Seal",
        "Minimal Corrective Reaming (As-Needed)",
        "Tenon Fit — Barrel ↔ Upper Joint"
      ]
    },
    {
      "doctype": "Clarinet Task Depends On",
      "subject": "Pad Leveling & Seating — Lower Joint",
      "depends_on_subjects": [
        "Chimney Leak Detection & Seal",
        "Minimal Corrective Reaming (As-Needed)",
        "Tenon Fit — Upper ↔ Lower Joint",
        "Tenon Fit — Lower Joint ↔ Bell"
      ]
    },

    {
      "doctype": "Clarinet Task Depends On",
      "subject": "Key Height (Vent) Adjustment — Throat & Side Keys",
      "depends_on_subjects": ["Pad Leveling & Seating — Upper Joint"]
    },
    {
      "doctype": "Clarinet Task Depends On",
      "subject": "Key Height (Vent) Adjustment — RH Stack & Long Keys",
      "depends_on_subjects": ["Pad Leveling & Seating — Lower Joint"]
    },

    {
      "doctype": "Clarinet Task Depends On",
      "subject": "Spring Tension Balance — Upper Joint",
      "depends_on_subjects": [
        "Key Height (Vent) Adjustment — Throat & Side Keys"
      ]
    },
    {
      "doctype": "Clarinet Task Depends On",
      "subject": "Spring Tension Balance — Lower Joint",
      "depends_on_subjects": [
        "Key Height (Vent) Adjustment — RH Stack & Long Keys"
      ]
    },

    {
      "doctype": "Clarinet Task Depends On",
      "subject": "Replace Register Cork with Beveled Cork",
      "depends_on_subjects": ["Pad Leveling & Seating — Upper Joint"]
    },

    {
      "doctype": "Clarinet Task Depends On",
      "subject": "Re-Verify Pad Seat & Seal — Upper Joint",
      "depends_on_subjects": [
        "Spring Tension Balance — Upper Joint",
        "Replace Register Cork with Beveled Cork"
      ]
    },
    {
      "doctype": "Clarinet Task Depends On",
      "subject": "Re-Verify Pad Seat & Seal — Lower Joint",
      "depends_on_subjects": ["Spring Tension Balance — Lower Joint"]
    },

    {
      "doctype": "Clarinet Task Depends On",
      "subject": "Lubricate & Quiet Keywork",
      "depends_on_subjects": [
        "Re-Verify Pad Seat & Seal — Upper Joint",
        "Re-Verify Pad Seat & Seal — Lower Joint"
      ]
    },

    {
      "doctype": "Clarinet Task Depends On",
      "subject": "Final Leak Test (Assembled)",
      "depends_on_subjects": ["Lubricate & Quiet Keywork"]
    },
    {
      "doctype": "Clarinet Task Depends On",
      "subject": "Pitch & Response Check",
      "depends_on_subjects": ["Final Leak Test (Assembled)"]
    },
    {
      "doctype": "Clarinet Task Depends On",
      "subject": "Final Play Test & Sign-Off",
      "depends_on_subjects": ["Pitch & Response Check"]
    },
    {
      "doctype": "Clarinet Task Depends On",
      "subject": "Sanitize, Clean, and Pack",
      "depends_on_subjects": ["Final Play Test & Sign-Off"]
    },
    {
      "doctype": "Clarinet Task Depends On",
      "subject": "QC Photos & Worklog Update",
      "depends_on_subjects": ["Final Play Test & Sign-Off"]
    }
  ]
}
