[
 {
    "doctype": "Clarinet Setup Operation",
    "name": "SETUP-OP-00002",
    "sequence": 10,
    "operation_type": "Setup",
    "section": "Upper Joint",
    "component_ref": "Instrument Intake & Safety",
    "details": "Tag instrument, verify customer notes, confirm play state. Protect finish and posts; install key clamps as needed.",
    "mandatory": 1,
    "estimated_minutes": 5,
    "work_instructions": "Gloves on. Bench mat in place. Photograph current condition. Note missing/loose parts. Verify serial.",
    "safety_notes": "Eye protection during compressed air and solvents.",
    "create_task": 0,
    "exp_start_offset_days": 0,
    "exp_duration_days": 1,
    "qc_metric": "Response",
    "qc_target": "All keys move freely; no immediate binding or loose posts.",
    "qc_tolerance": "N/A",
    "materials": [],
    "completed": 0
  },
  {
    "doctype": "Clarinet Setup Operation",
    "name": "SETUP-OP-00003",
    "sequence": 20,
    "operation_type": "Setup",
    "section": "Upper Joint",
    "component_ref": "Pre-Check Leak Test (baseline)",
    "details": "Baseline leak-light and suction check to guide work.",
    "mandatory": 1,
    "estimated_minutes": 6,
    "work_instructions": "Leak-light pass tone-hole by tone-hole; annotate leaks. Gentle suction test per stack.",
    "safety_notes": "Avoid prolonged heat near pads.",
    "create_task": 0,
    "exp_start_offset_days": 0,
    "exp_duration_days": 1,
    "qc_metric": "Leak Test",
    "qc_target": "Document baseline leaks; proceed to correction steps.",
    "qc_tolerance": "N/A",
    "materials": [],
    "completed": 0
  },
  {
    "doctype": "Clarinet Setup Operation",
    "name": "SETUP-OP-00004",
    "sequence": 30,
    "operation_type": "Tenon Fitting",
    "section": "Barrel",
    "component_ref": "Barrel ↔ Upper Joint Tenon",
    "details": "Inspect cork integrity, fit, and alignment. Correct high spots; ensure airtight fit.",
    "mandatory": 1,
    "estimated_minutes": 10,
    "work_instructions": "Blue/graphite transfer for high-spot mapping; dress lightly. Confirm smooth rotation and full seat.",
    "safety_notes": "Cut away from hand; dust control for cork.",
    "create_task": 0,
    "exp_start_offset_days": 0,
    "exp_duration_days": 1,
    "qc_metric": "Leak Test",
    "qc_target": "Airtight at joint; smooth on/off; zero wobble.",
    "qc_tolerance": "No detectable leak with suction/light test.",
    "materials": [],
    "completed": 0
  },
  {
    "doctype": "Clarinet Setup Operation",
    "name": "SETUP-OP-00005",
    "sequence": 40,
    "operation_type": "Tenon Fitting",
    "section": "Upper Joint",
    "component_ref": "Upper ↔ Lower Joint Tenon",
    "details": "Same as above; verify bridge alignment and key interaction.",
    "mandatory": 1,
    "estimated_minutes": 10,
    "work_instructions": "Fit cork, check axial play; verify bridge keys clear and align.",
    "safety_notes": "Mind bridge key tips during assembly.",
    "create_task": 0,
    "exp_start_offset_days": 0,
    "exp_duration_days": 1,
    "qc_metric": "Leak Test",
    "qc_target": "Airtight; smooth seat; precise bridge alignment.",
    "qc_tolerance": "No leak; no lateral play.",
    "materials": [],
    "completed": 0
  },
  {
    "doctype": "Clarinet Setup Operation",
    "name": "SETUP-OP-00006",
    "sequence": 50,
    "operation_type": "Tenon Fitting",
    "section": "Lower Joint",
    "component_ref": "Lower Joint ↔ Bell Tenon",
    "details": "Fit and seal bell tenon cork; confirm bell resonance not damped by over-tight fit.",
    "mandatory": 1,
    "estimated_minutes": 8,
    "work_instructions": "Size cork, light dress, confirm seat depth.",
    "safety_notes": "Avoid over-compression glazing the cork.",
    "create_task": 0,
    "exp_start_offset_days": 0,
    "exp_duration_days": 1,
    "qc_metric": "Response",
    "qc_target": "Free bell resonance; no buzz; airtight.",
    "qc_tolerance": "No leak detected.",
    "materials": [],
    "completed": 0
  },

  {
    "doctype": "Clarinet Setup Operation",
    "name": "SETUP-OP-00007",
    "sequence": 60,
    "operation_type": "Tone Hole Repair",
    "section": "Upper Joint",
    "component_ref": "All tone holes (upper joint)",
    "details": "Inspect rims for chips, divots, raised grain; correct.",
    "mandatory": 1,
    "estimated_minutes": 22,
    "work_instructions": "Dust+adhesive micro-fill as needed; burnish; re-true rim; verify flat with straightedge/dye.",
    "safety_notes": "Ventilation for adhesives; protect bore.",
    "create_task": 1,
    "default_priority": "High",
    "exp_start_offset_days": 0,
    "exp_duration_days": 1,
    "qc_metric": "Leak Test",
    "qc_target": "Uniform pad print; no light at full close.",
    "qc_tolerance": "0 light; full contact 360°.",
    "materials": [],
    "completed": 0
  },
  {
    "doctype": "Clarinet Setup Operation",
    "name": "SETUP-OP-00008",
    "sequence": 70,
    "operation_type": "Tone Hole Repair",
    "section": "Lower Joint",
    "component_ref": "All tone holes (lower joint)",
    "details": "Same inspection/correction for lower joint.",
    "mandatory": 1,
    "estimated_minutes": 12,
    "work_instructions": "As above; pay special attention to long B/F, E♭ holes.",
    "safety_notes": "As above.",
    "create_task": 1,
    "default_priority": "High",
    "exp_start_offset_days": 0,
    "exp_duration_days": 1,
    "qc_metric": "Leak Test",
    "qc_target": "Uniform pad print; no light.",
    "qc_tolerance": "0 light; full contact 360°.",
    "materials": [],
    "completed": 0
  },
  {
    "doctype": "Clarinet Setup Operation",
    "name": "SETUP-OP-00009",
    "sequence": 80,
    "operation_type": "Tone Hole Reaming",
    "section": "Upper Joint",
    "component_ref": "Local re-true (only where required)",
    "details": "Minimal corrective ream to remove varnish/ridge and restore true rim; avoid diameter drift.",
    "mandatory": 0,
    "estimated_minutes": 8,
    "work_instructions": "Use correctly sized pilot/reamer; 1–2 light passes; re-check pad contact.",
    "safety_notes": "Stop if diameter change measurably affects pitch.",
    "create_task": 0,
    "exp_start_offset_days": 0,
    "exp_duration_days": 1,
    "qc_metric": "Vent Height",
    "qc_target": "Rim true; original vent maintained.",
    "qc_tolerance": "No >0.1 mm change in effective vent.",
    "materials": [],
    "completed": 0
  },

  {
    "doctype": "Clarinet Setup Operation",
    "name": "SETUP-OP-00010",
    "sequence": 90,
    "operation_type": "Chimney Leak",
    "section": "Upper Joint",
    "component_ref": "Chimney/body junctions",
    "details": "Detect & seal micro-leaks at chimney interface; re-dress rim.",
    "mandatory": 1,
    "estimated_minutes": 10,
    "work_instructions": "Dye test; wick thin sealant; cure; re-true rim lightly; re-check with light/suction.",
    "safety_notes": "Fumes PPE; avoid bore contamination.",
    "create_task": 1,
    "default_priority": "High",
    "exp_start_offset_days": 0,
    "exp_duration_days": 1,
    "qc_metric": "Leak Test",
    "qc_target": "No leak at chimney after cure.",
    "qc_tolerance": "0 light; holds negative pressure ≥3 s.",
    "materials": [],
    "completed": 0
  },

  {
    "doctype": "Clarinet Setup Operation",
    "name": "SETUP-OP-00011",
    "sequence": 100,
    "operation_type": "Pad Leveling",
    "section": "Upper Joint",
    "component_ref": "LH stack + throat + register group",
    "details": "True cups, float/seat pads, set pad angles for full seal.",
    "mandatory": 1,
    "estimated_minutes": 75,
    "work_instructions": "Check cup plane; shim/float; heat-seat evenly; verify uniform impression.",
    "safety_notes": "Heat control to avoid pad damage.",
    "create_task": 0,
    "exp_start_offset_days": 0,
    "exp_duration_days": 1,
    "qc_metric": "Leak Test",
    "qc_target": "No light; negative pressure hold ≥3 s per close.",
    "qc_tolerance": "Zero light anywhere on rim.",
    "materials": [],
    "completed": 0
  },
  {
    "doctype": "Clarinet Setup Operation",
    "name": "SETUP-OP-00012",
    "sequence": 110,
    "operation_type": "Pad Leveling",
    "section": "Lower Joint",
    "component_ref": "RH stack + long B/F/E♭ cluster",
    "details": "As above for lower joint pads including linked closures.",
    "mandatory": 1,
    "estimated_minutes": 25,
    "work_instructions": "Float and seat; coordinate linked key closures (e.g., long B/F).",
    "safety_notes": "Heat control.",
    "create_task": 0,
    "exp_start_offset_days": 0,
    "exp_duration_days": 1,
    "qc_metric": "Leak Test",
    "qc_target": "No light; negative pressure hold ≥3 s.",
    "qc_tolerance": "Zero light.",
    "materials": [],
    "completed": 0
  },
  {
    "doctype": "Clarinet Setup Operation",
    "name": "SETUP-OP-00013",
    "sequence": 120,
    "operation_type": "Key Height Adjustment",
    "section": "Upper Joint",
    "component_ref": "Throat A, A♯/B♭, side keys",
    "details": "Set vent heights for balance of response/intonation; verify twelfths.",
    "mandatory": 1,
    "estimated_minutes": 65,
    "work_instructions": "Set travel stops; measure with feeler gauges; play-check open G–A–B♭ and twelfths.",
    "safety_notes": "None.",
    "create_task": 0,
    "exp_start_offset_days": 0,
    "exp_duration_days": 1,
    "qc_metric": "Key Height",
    "qc_target": "Even venting; typical 0.9–1.1 mm for throat group (model dependent).",
    "qc_tolerance": "±0.1 mm within group; twelfths within ±5 cents.",
    "materials": [],
    "completed": 0
  },
  {
    "doctype": "Clarinet Setup Operation",
    "name": "SETUP-OP-00014",
    "sequence": 130,
    "operation_type": "Key Height Adjustment",
    "section": "Lower Joint",
    "component_ref": "RH stack + long keys",
    "details": "Set stack heights and linked closures for evenness and stable twelfths.",
    "mandatory": 1,
    "estimated_minutes": 30,
    "work_instructions": "Balance heights across RH stack; confirm long B/F linkage does not over-vent.",
    "safety_notes": "None.",
    "create_task": 0,
    "exp_start_offset_days": 0,
    "exp_duration_days": 1,
    "qc_metric": "Key Height",
    "qc_target": "Even venting across RH stack for smooth scale.",
    "qc_tolerance": "±0.1 mm within group; twelfths within ±5 cents.",
    "materials": [],
    "completed": 0
  },
  {
    "doctype": "Clarinet Setup Operation",
    "name": "SETUP-OP-00015",
    "sequence": 140,
    "operation_type": "Spring Tension Adjustment",
    "section": "Upper Joint",
    "component_ref": "LH stack + auxiliary",
    "details": "Balance return force for speed with minimal finger load.",
    "mandatory": 1,
    "estimated_minutes": 10,
    "work_instructions": "Measure with gram gauge; match neighboring keys; remove coil stress points.",
    "safety_notes": "Eye protection (springs).",
    "create_task": 0,
    "exp_start_offset_days": 0,
    "exp_duration_days": 1,
    "qc_metric": "Spring Balance",
    "qc_target": "Uniform feel; typical LH stack ~30–45 gf.",
    "qc_tolerance": "±5 gf within group.",
    "materials": [],
    "completed": 0
  },
  {
    "doctype": "Clarinet Setup Operation",
    "name": "SETUP-OP-00016",
    "sequence": 150,
    "operation_type": "Spring Tension Adjustment",
    "section": "Lower Joint",
    "component_ref": "RH stack + long keys",
    "details": "Balance long key return vs link friction; ensure positive close.",
    "mandatory": 1,
    "estimated_minutes": 10,
    "work_instructions": "Gauge and match; ensure linked closures do not lag.",
    "safety_notes": "Eye protection.",
    "create_task": 0,
    "exp_start_offset_days": 0,
    "exp_duration_days": 1,
    "qc_metric": "Spring Balance",
    "qc_target": "Uniform feel; typical RH stack/long keys ~35–55 gf.",
    "qc_tolerance": "±5 gf within group.",
    "materials": [],
    "completed": 0
  },
  {
    "doctype": "Clarinet Setup Operation",
    "name": "SETUP-OP-00017",
    "sequence": 160,
    "operation_type": "Cork Replacement",
    "section": "Upper Joint",
    "component_ref": "Register key cork (beveled)",
    "details": "Replace register cork with beveled geometry for silent closure and stable vent.",
    "mandatory": 1,
    "estimated_minutes": 12,
    "work_instructions": "Select proper density; cut bevel for glide; cement, cure, final dress to spec height.",
    "safety_notes": "Adhesive fumes; blade safety.",
    "create_task": 0,
    "exp_start_offset_days": 0,
    "exp_duration_days": 1,
    "qc_metric": "Key Height",
    "qc_target": "Register pad gap/vent per model spec; silent actuation.",
    "qc_tolerance": "No audible thump; gap repeats within ±0.1 mm.",
    "materials": [],
    "completed": 0
  },
  {
    "doctype": "Clarinet Setup Operation",
    "name": "SETUP-OP-00018",
    "sequence": 170,
    "operation_type": "Pad Leveling",
    "section": "Upper Joint",
    "component_ref": "Verify seat & seal (all pads, upper)",
    "details": "Re-verify pad impressions after height/spring/cork changes.",
    "mandatory": 1,
    "estimated_minutes": 45,
    "work_instructions": "Leak-light + suction; correct micro leaks.",
    "safety_notes": "Heat control.",
    "create_task": 0,
    "exp_start_offset_days": 0,
    "exp_duration_days": 1,
    "qc_metric": "Leak Test",
    "qc_target": "Zero light on all upper pads.",
    "qc_tolerance": "Holds negative pressure ≥3 s.",
    "materials": [],
    "completed": 0
  },
  {
    "doctype": "Clarinet Setup Operation",
    "name": "SETUP-OP-00019",
    "sequence": 180,
    "operation_type": "Pad Leveling",
    "section": "Lower Joint",
    "component_ref": "Verify seat & seal (all pads, lower)",
    "details": "Same verification for lower joint.",
    "mandatory": 1,
    "estimated_minutes": 15,
    "work_instructions": "Leak-light + suction; correct micro leaks.",
    "safety_notes": "Heat control.",
    "create_task": 0,
    "exp_start_offset_days": 0,
    "exp_duration_days": 1,
    "qc_metric": "Leak Test",
    "qc_target": "Zero light on all lower pads.",
    "qc_tolerance": "Holds negative pressure ≥3 s.",
    "materials": [],
    "completed": 0
  },
  {
    "doctype": "Clarinet Setup Operation",
    "name": "SETUP-OP-00020",
    "sequence": 190,
    "operation_type": "Setup",
    "section": "Upper Joint",
    "component_ref": "Lube & quiet keys",
    "details": "Oil pivots/rods, treat felts/corks, eliminate clicks.",
    "mandatory": 1,
    "estimated_minutes": 10,
    "work_instructions": "Tiny oil on bearings only; wipe excess; confirm silence.",
    "safety_notes": "Keep oil off pads/wood.",
    "create_task": 0,
    "exp_start_offset_days": 0,
    "exp_duration_days": 1,
    "qc_metric": "Response",
    "qc_target": "Silent action; free return.",
    "qc_tolerance": "No audible mechanical noise at mezzo-forte fingerings.",
    "materials": [],
    "completed": 0
  },
  {
    "doctype": "Clarinet Setup Operation",
    "name": "SETUP-OP-00021",
    "sequence": 200,
    "operation_type": "Setup",
    "section": "Upper Joint",
    "component_ref": "Final Leak Test (assembled)",
    "details": "Full assembled leak test to confirm global seal.",
    "mandatory": 1,
    "estimated_minutes": 12,
    "work_instructions": "Leak-light sweep; suction per stack; correct any regression.",
    "safety_notes": "None.",
    "create_task": 0,
    "exp_start_offset_days": 0,
    "exp_duration_days": 1,
    "qc_metric": "Leak Test",
    "qc_target": "Zero light across instrument; stable holds.",
    "qc_tolerance": "Holds negative pressure ≥3 s per group.",
    "materials": [],
    "completed": 0
  },
  {
    "doctype": "Clarinet Setup Operation",
    "name": "SETUP-OP-00022",
    "sequence": 210,
    "operation_type": "Setup",
    "section": "Upper Joint",
    "component_ref": "Pitch & Response Check",
    "details": "Confirm A4 reference and twelfths; micro-adjust heights if needed.",
    "mandatory": 1,
    "estimated_minutes": 30,
    "work_instructions": "Tune at A=440/442 per shop standard; check twelfths and throat notes for balance.",
    "safety_notes": "Hearing protection if using sustained tones.",
    "create_task": 0,
    "exp_start_offset_days": 0,
    "exp_duration_days": 1,
    "qc_metric": "Pitch@A4",
    "qc_target": "A4 within ±5 cents at target pitch; twelfths balanced.",
    "qc_tolerance": "±5 cents A4; twelfths within ±7 cents.",
    "materials": [],
    "completed": 0
  },
  {
    "doctype": "Clarinet Setup Operation",
    "name": "SETUP-OP-00023",
    "sequence": 220,
    "operation_type": "Setup",
    "section": "Lower Joint",
    "component_ref": "Final Play Test & Sign-off",
    "details": "Full scale, articulation, interval slurs; document QC.",
    "mandatory": 1,
    "estimated_minutes": 30,
    "work_instructions": "Slow/fast scales, pp–ff, side-key trills; document results and any advisories.",
    "safety_notes": "Sanitize mouthpiece afterward.",
    "create_task": 0,
    "exp_start_offset_days": 0,
    "exp_duration_days": 1,
    "qc_metric": "Response",
    "qc_target": "Even response and clean articulation across range.",
    "qc_tolerance": "No sticking; no mechanical noise; stable scale.",
    "materials": [],
    "completed": 0
  }
]
