[
  {
    "doctype": "Project Template",
    "project_type": "Instrument Setup",
    "name": "Standard B♭ Clarinet Setup",
    "tasks": [
      { "doctype": "Project Template Task", "task": "TASK-2025-00002", "subject": "0.1 Create Work Order" },
      { "doctype": "Project Template Task", "task": "TASK-2025-00003", "subject": "0.2 Visual Triage & Safety Check" },
      { "doctype": "Project Template Task", "task": "TASK-2025-00004", "subject": "0.3 Intake Inventory & Photos" },
      { "doctype": "Project Template Task", "task": "TASK-2025-00005", "subject": "0.4 Player Profile & Preferences" },
      { "doctype": "Project Template Task", "task": "TASK-2025-00006", "subject": "0.5 Parts Availability Check" },
      { "doctype": "Project Template Task", "task": "TASK-2025-00007", "subject": "1.1 Prep Environment & Start Data Log" },
      { "doctype": "Project Template Task", "task": "TASK-2025-00008", "subject": "1.2 Acclimatize Instrument" },
      { "doctype": "Project Template Task", "task": "TASK-2025-00009", "subject": "1.3 Wood Moisture/Condition Note" },
      { "doctype": "Project Template Task", "task": "TASK-2025-00010", "subject": "2.1 Tenon Fit (No Grease) — Baseline" },
      { "doctype": "Project Template Task", "task": "TASK-2025-00011", "subject": "2.2 Bore & Tone-Hole Map" },
      { "doctype": "Project Template Task", "task": "TASK-2025-00012", "subject": "2.3 Keywork Survey" },
      { "doctype": "Project Template Task", "task": "TASK-2025-00013", "subject": "2.4 Pad & Spring Condition" },
      { "doctype": "Project Template Task", "task": "TASK-2025-00014", "subject": "2.5 Airtightness (Baseline)" },
      { "doctype": "Project Template Task", "task": "TASK-2025-00015", "subject": "2.6 Quick Intonation Pass" },
      { "doctype": "Project Template Task", "task": "TASK-2025-00016", "subject": "2.7 Parts/Risk Finalization & Client OK" },
      { "doctype": "Project Template Task", "task": "TASK-2025-00017", "subject": "3.1 Disassembly & Cleaning" },
      { "doctype": "Project Template Task", "task": "TASK-2025-00018", "subject": "3.2 Keywork Truing & Play Control" },
      { "doctype": "Project Template Task", "task": "TASK-2025-00019", "subject": "3.3 Tone-Hole Flatting/Chamfering" },
      { "doctype": "Project Template Task", "task": "TASK-2025-00020", "subject": "3.4 Tenon Corks (Replace/Refit)" },
      { "doctype": "Project Template Task", "task": "TASK-2025-00021", "subject": "3.5 Pad Selection & Installation" },
      { "doctype": "Project Template Task", "task": "TASK-2025-00022", "subject": "3.6 Springing & Regulation" },
      { "doctype": "Project Template Task", "task": "TASK-2025-00023", "subject": "3.7 Initial Key Heights (Venting)" },
      { "doctype": "Project Template Task", "task": "TASK-2025-00024", "subject": "3.8 Airtightness (Post-Mechanical)" },
      { "doctype": "Project Template Task", "task": "TASK-2025-00025", "subject": "4.1 Pitch Curve (Baseline)" },
      { "doctype": "Project Template Task", "task": "TASK-2025-00026", "subject": "4.2 Voicing & Micro-Adjust" },
      { "doctype": "Project Template Task", "task": "TASK-2025-00027", "subject": "4.3 Response & Articulation Validation" },
      { "doctype": "Project Template Task", "task": "TASK-2025-00028", "subject": "4.4 Iteration / Lock Targets" },
      { "doctype": "Project Template Task", "task": "TASK-2025-00029", "subject": "5.1 Airtightness (Final QA)" },
      { "doctype": "Project Template Task", "task": "TASK-2025-00030", "subject": "5.2 Functional QA (Cycle Test)" },
      { "doctype": "Project Template Task", "task": "TASK-2025-00031", "subject": "5.3 Play-Test Sign-Off" },
      { "doctype": "Project Template Task", "task": "TASK-2025-00032", "subject": "5.4 Documentation Pack" },
      { "doctype": "Project Template Task", "task": "TASK-2025-00033", "subject": "5.5 Certificate of Acoustic Performance" },
      { "doctype": "Project Template Task", "task": "TASK-2025-00034", "subject": "6.1 Client Handover & Demo" },
      { "doctype": "Project Template Task", "task": "TASK-2025-00035", "subject": "6.2 Care & Break-In Guide" },
      { "doctype": "Project Template Task", "task": "TASK-2025-00036", "subject": "6.3 Follow-Up Check Booking" },
      { "doctype": "Project Template Task", "task": "TASK-2025-00037", "subject": "C1 Tool Calibration Log (Pre-Work Check)" },
      { "doctype": "Project Template Task", "task": "TASK-2025-00038", "subject": "C2 Materials & Lot Tracking" },
      { "doctype": "Project Template Task", "task": "TASK-2025-00039", "subject": "C3 Audit Sampling (1-in-10) Post-Delivery" }
    ]
  },
{
    "doctype": "Project Template",
    "project_type": "Instrument Setup",
    "name": "Standard E♭ Clarinet Setup",
    "tasks": [
      { "doctype": "Project Template Task", "task": "TASK-2025-00002", "subject": "0.1 Create Work Order" },
      { "doctype": "Project Template Task", "task": "TASK-2025-00003", "subject": "0.2 Visual Triage & Safety Check" },
      { "doctype": "Project Template Task", "task": "TASK-2025-00004", "subject": "0.3 Intake Inventory & Photos" },
      { "doctype": "Project Template Task", "task": "TASK-2025-00005", "subject": "0.4 Player Profile & Preferences" },
      { "doctype": "Project Template Task", "task": "TASK-2025-00006", "subject": "0.5 Parts Availability Check" },
      { "doctype": "Project Template Task", "task": "TASK-2025-00007", "subject": "1.1 Prep Environment & Start Data Log" },
      { "doctype": "Project Template Task", "task": "TASK-2025-00008", "subject": "1.2 Acclimatize Instrument" },
      { "doctype": "Project Template Task", "task": "TASK-2025-00009", "subject": "1.3 Wood Moisture/Condition Note" },
      { "doctype": "Project Template Task", "task": "TASK-2025-00010", "subject": "2.1 Tenon Fit (No Grease) — Baseline" },
      { "doctype": "Project Template Task", "task": "TASK-2025-00011", "subject": "2.2 Bore & Tone-Hole Map" },
      { "doctype": "Project Template Task", "task": "TASK-2025-00012", "subject": "2.3 Keywork Survey" },
      { "doctype": "Project Template Task", "task": "TASK-2025-00013", "subject": "2.4 Pad & Spring Condition" },
      { "doctype": "Project Template Task", "task": "TASK-2025-00014", "subject": "2.5 Airtightness (Baseline)" },
      { "doctype": "Project Template Task", "task": "TASK-2025-00015", "subject": "2.6 Quick Intonation Pass" },
      { "doctype": "Project Template Task", "task": "TASK-2025-00016", "subject": "2.7 Parts/Risk Finalization & Client OK" },
      { "doctype": "Project Template Task", "task": "TASK-2025-00017", "subject": "3.1 Disassembly & Cleaning" },
      { "doctype": "Project Template Task", "task": "TASK-2025-00018", "subject": "3.2 Keywork Truing & Play Control" },
      { "doctype": "Project Template Task", "task": "TASK-2025-00019", "subject": "3.3 Tone-Hole Flatting/Chamfering" },
      { "doctype": "Project Template Task", "task": "TASK-2025-00020", "subject": "3.4 Tenon Corks (Replace/Refit)" },
      { "doctype": "Project Template Task", "task": "TASK-2025-00021", "subject": "3.5 Pad Selection & Installation" },
      { "doctype": "Project Template Task", "task": "TASK-2025-00022", "subject": "3.6 Springing & Regulation" },
      { "doctype": "Project Template Task", "task": "TASK-2025-00023", "subject": "3.7 Initial Key Heights (Venting)" },
      { "doctype": "Project Template Task", "task": "TASK-2025-00024", "subject": "3.8 Airtightness (Post-Mechanical)" },
      { "doctype": "Project Template Task", "task": "TASK-2025-00025", "subject": "4.1 Pitch Curve (Baseline)" },
      { "doctype": "Project Template Task", "task": "TASK-2025-00026", "subject": "4.2 Voicing & Micro-Adjust" },
      { "doctype": "Project Template Task", "task": "TASK-2025-00027", "subject": "4.3 Response & Articulation Validation" },
      { "doctype": "Project Template Task", "task": "TASK-2025-00028", "subject": "4.4 Iteration / Lock Targets" },
      { "doctype": "Project Template Task", "task": "TASK-2025-00029", "subject": "5.1 Airtightness (Final QA)" },
      { "doctype": "Project Template Task", "task": "TASK-2025-00030", "subject": "5.2 Functional QA (Cycle Test)" },
      { "doctype": "Project Template Task", "task": "TASK-2025-00031", "subject": "5.3 Play-Test Sign-Off" },
      { "doctype": "Project Template Task", "task": "TASK-2025-00032", "subject": "5.4 Documentation Pack" },
      { "doctype": "Project Template Task", "task": "TASK-2025-00033", "subject": "5.5 Certificate of Acoustic Performance" },
      { "doctype": "Project Template Task", "task": "TASK-2025-00034", "subject": "6.1 Client Handover & Demo" },
      { "doctype": "Project Template Task", "task": "TASK-2025-00035", "subject": "6.2 Care & Break-In Guide" },
      { "doctype": "Project Template Task", "task": "TASK-2025-00036", "subject": "6.3 Follow-Up Check Booking" },
      { "doctype": "Project Template Task", "task": "TASK-2025-00037", "subject": "C1 Tool Calibration Log (Pre-Work Check)" },
      { "doctype": "Project Template Task", "task": "TASK-2025-00038", "subject": "C2 Materials & Lot Tracking" },
      { "doctype": "Project Template Task", "task": "TASK-2025-00039", "subject": "C3 Audit Sampling (1-in-10) Post-Delivery" }
    ]
  },
{
    "doctype": "Project Template",
    "project_type": "Instrument Setup",
    "name": "Standard A Clarinet Setup",
    "tasks": [
      { "doctype": "Project Template Task", "task": "TASK-2025-00002", "subject": "0.1 Create Work Order" },
      { "doctype": "Project Template Task", "task": "TASK-2025-00003", "subject": "0.2 Visual Triage & Safety Check" },
      { "doctype": "Project Template Task", "task": "TASK-2025-00004", "subject": "0.3 Intake Inventory & Photos" },
      { "doctype": "Project Template Task", "task": "TASK-2025-00005", "subject": "0.4 Player Profile & Preferences" },
      { "doctype": "Project Template Task", "task": "TASK-2025-00006", "subject": "0.5 Parts Availability Check" },
      { "doctype": "Project Template Task", "task": "TASK-2025-00007", "subject": "1.1 Prep Environment & Start Data Log" },
      { "doctype": "Project Template Task", "task": "TASK-2025-00008", "subject": "1.2 Acclimatize Instrument" },
      { "doctype": "Project Template Task", "task": "TASK-2025-00009", "subject": "1.3 Wood Moisture/Condition Note" },
      { "doctype": "Project Template Task", "task": "TASK-2025-00010", "subject": "2.1 Tenon Fit (No Grease) — Baseline" },
      { "doctype": "Project Template Task", "task": "TASK-2025-00011", "subject": "2.2 Bore & Tone-Hole Map" },
      { "doctype": "Project Template Task", "task": "TASK-2025-00012", "subject": "2.3 Keywork Survey" },
      { "doctype": "Project Template Task", "task": "TASK-2025-00013", "subject": "2.4 Pad & Spring Condition" },
      { "doctype": "Project Template Task", "task": "TASK-2025-00014", "subject": "2.5 Airtightness (Baseline)" },
      { "doctype": "Project Template Task", "task": "TASK-2025-00015", "subject": "2.6 Quick Intonation Pass" },
      { "doctype": "Project Template Task", "task": "TASK-2025-00016", "subject": "2.7 Parts/Risk Finalization & Client OK" },
      { "doctype": "Project Template Task", "task": "TASK-2025-00017", "subject": "3.1 Disassembly & Cleaning" },
      { "doctype": "Project Template Task", "task": "TASK-2025-00018", "subject": "3.2 Keywork Truing & Play Control" },
      { "doctype": "Project Template Task", "task": "TASK-2025-00019", "subject": "3.3 Tone-Hole Flatting/Chamfering" },
      { "doctype": "Project Template Task", "task": "TASK-2025-00020", "subject": "3.4 Tenon Corks (Replace/Refit)" },
      { "doctype": "Project Template Task", "task": "TASK-2025-00021", "subject": "3.5 Pad Selection & Installation" },
      { "doctype": "Project Template Task", "task": "TASK-2025-00022", "subject": "3.6 Springing & Regulation" },
      { "doctype": "Project Template Task", "task": "TASK-2025-00023", "subject": "3.7 Initial Key Heights (Venting)" },
      { "doctype": "Project Template Task", "task": "TASK-2025-00024", "subject": "3.8 Airtightness (Post-Mechanical)" },
      { "doctype": "Project Template Task", "task": "TASK-2025-00025", "subject": "4.1 Pitch Curve (Baseline)" },
      { "doctype": "Project Template Task", "task": "TASK-2025-00026", "subject": "4.2 Voicing & Micro-Adjust" },
      { "doctype": "Project Template Task", "task": "TASK-2025-00027", "subject": "4.3 Response & Articulation Validation" },
      { "doctype": "Project Template Task", "task": "TASK-2025-00028", "subject": "4.4 Iteration / Lock Targets" },
      { "doctype": "Project Template Task", "task": "TASK-2025-00029", "subject": "5.1 Airtightness (Final QA)" },
      { "doctype": "Project Template Task", "task": "TASK-2025-00030", "subject": "5.2 Functional QA (Cycle Test)" },
      { "doctype": "Project Template Task", "task": "TASK-2025-00031", "subject": "5.3 Play-Test Sign-Off" },
      { "doctype": "Project Template Task", "task": "TASK-2025-00032", "subject": "5.4 Documentation Pack" },
      { "doctype": "Project Template Task", "task": "TASK-2025-00033", "subject": "5.5 Certificate of Acoustic Performance" },
      { "doctype": "Project Template Task", "task": "TASK-2025-00034", "subject": "6.1 Client Handover & Demo" },
      { "doctype": "Project Template Task", "task": "TASK-2025-00035", "subject": "6.2 Care & Break-In Guide" },
      { "doctype": "Project Template Task", "task": "TASK-2025-00036", "subject": "6.3 Follow-Up Check Booking" },
      { "doctype": "Project Template Task", "task": "TASK-2025-00037", "subject": "C1 Tool Calibration Log (Pre-Work Check)" },
      { "doctype": "Project Template Task", "task": "TASK-2025-00038", "subject": "C2 Materials & Lot Tracking" },
      { "doctype": "Project Template Task", "task": "TASK-2025-00039", "subject": "C3 Audit Sampling (1-in-10) Post-Delivery" }
    ]
  },
{
    "doctype": "Project Template",
    "project_type": "Instrument Setup",
    "name": "Standard Bass Clarinet Setup",
    "tasks": [
      { "doctype": "Project Template Task", "task": "TASK-2025-00002", "subject": "0.1 Create Work Order" },
      { "doctype": "Project Template Task", "task": "TASK-2025-00003", "subject": "0.2 Visual Triage & Safety Check" },
      { "doctype": "Project Template Task", "task": "TASK-2025-00004", "subject": "0.3 Intake Inventory & Photos" },
      { "doctype": "Project Template Task", "task": "TASK-2025-00005", "subject": "0.4 Player Profile & Preferences" },
      { "doctype": "Project Template Task", "task": "TASK-2025-00006", "subject": "0.5 Parts Availability Check" },
      { "doctype": "Project Template Task", "task": "TASK-2025-00007", "subject": "1.1 Prep Environment & Start Data Log" },
      { "doctype": "Project Template Task", "task": "TASK-2025-00008", "subject": "1.2 Acclimatize Instrument" },
      { "doctype": "Project Template Task", "task": "TASK-2025-00009", "subject": "1.3 Wood Moisture/Condition Note" },
      { "doctype": "Project Template Task", "task": "TASK-2025-00010", "subject": "2.1 Tenon Fit (No Grease) — Baseline" },
      { "doctype": "Project Template Task", "task": "TASK-2025-00011", "subject": "2.2 Bore & Tone-Hole Map" },
      { "doctype": "Project Template Task", "task": "TASK-2025-00012", "subject": "2.3 Keywork Survey" },
      { "doctype": "Project Template Task", "task": "TASK-2025-00013", "subject": "2.4 Pad & Spring Condition" },
      { "doctype": "Project Template Task", "task": "TASK-2025-00014", "subject": "2.5 Airtightness (Baseline)" },
      { "doctype": "Project Template Task", "task": "TASK-2025-00015", "subject": "2.6 Quick Intonation Pass" },
      { "doctype": "Project Template Task", "task": "TASK-2025-00016", "subject": "2.7 Parts/Risk Finalization & Client OK" },
      { "doctype": "Project Template Task", "task": "TASK-2025-00017", "subject": "3.1 Disassembly & Cleaning" },
      { "doctype": "Project Template Task", "task": "TASK-2025-00018", "subject": "3.2 Keywork Truing & Play Control" },
      { "doctype": "Project Template Task", "task": "TASK-2025-00019", "subject": "3.3 Tone-Hole Flatting/Chamfering" },
      { "doctype": "Project Template Task", "task": "TASK-2025-00020", "subject": "3.4 Tenon Corks (Replace/Refit)" },
      { "doctype": "Project Template Task", "task": "TASK-2025-00021", "subject": "3.5 Pad Selection & Installation" },
      { "doctype": "Project Template Task", "task": "TASK-2025-00022", "subject": "3.6 Springing & Regulation" },
      { "doctype": "Project Template Task", "task": "TASK-2025-00023", "subject": "3.7 Initial Key Heights (Venting)" },
      { "doctype": "Project Template Task", "task": "TASK-2025-00024", "subject": "3.8 Airtightness (Post-Mechanical)" },
      { "doctype": "Project Template Task", "task": "TASK-2025-00025", "subject": "4.1 Pitch Curve (Baseline)" },
      { "doctype": "Project Template Task", "task": "TASK-2025-00026", "subject": "4.2 Voicing & Micro-Adjust" },
      { "doctype": "Project Template Task", "task": "TASK-2025-00027", "subject": "4.3 Response & Articulation Validation" },
      { "doctype": "Project Template Task", "task": "TASK-2025-00028", "subject": "4.4 Iteration / Lock Targets" },
      { "doctype": "Project Template Task", "task": "TASK-2025-00029", "subject": "5.1 Airtightness (Final QA)" },
      { "doctype": "Project Template Task", "task": "TASK-2025-00030", "subject": "5.2 Functional QA (Cycle Test)" },
      { "doctype": "Project Template Task", "task": "TASK-2025-00031", "subject": "5.3 Play-Test Sign-Off" },
      { "doctype": "Project Template Task", "task": "TASK-2025-00032", "subject": "5.4 Documentation Pack" },
      { "doctype": "Project Template Task", "task": "TASK-2025-00033", "subject": "5.5 Certificate of Acoustic Performance" },
      { "doctype": "Project Template Task", "task": "TASK-2025-00034", "subject": "6.1 Client Handover & Demo" },
      { "doctype": "Project Template Task", "task": "TASK-2025-00035", "subject": "6.2 Care & Break-In Guide" },
      { "doctype": "Project Template Task", "task": "TASK-2025-00036", "subject": "6.3 Follow-Up Check Booking" },
      { "doctype": "Project Template Task", "task": "TASK-2025-00037", "subject": "C1 Tool Calibration Log (Pre-Work Check)" },
      { "doctype": "Project Template Task", "task": "TASK-2025-00038", "subject": "C2 Materials & Lot Tracking" },
      { "doctype": "Project Template Task", "task": "TASK-2025-00039", "subject": "C3 Audit Sampling (1-in-10) Post-Delivery" }
    ]
  }
]
