{
 "actions": [],
 "creation": "2025-09-17 01:15:39.249710",
 "doctype": "DocType",
 "editable_grid": 1,
 "engine": "InnoDB",
 "field_order": [
  "item_code",
  "qty",
  "uom",
  "valuation_rate",
  "amount",
  "stock_entry",
  "description"
 ],
 "fields": [
  {
   "fieldname": "item_code",
   "fieldtype": "Link",
   "in_list_view": 1,
   "label": "Item",
   "options": "Item",
   "reqd": 1
  },
  {
   "fieldname": "description",
   "fieldtype": "Small Text",
   "label": "Description"
  },
  {
   "default": "1",
   "fieldname": "qty",
   "fieldtype": "Float",
   "in_list_view": 1,
   "label": "Qty",
   "reqd": 1
  },
  {
   "default": "Nos",
   "fieldname": "uom",
   "fieldtype": "Link",
   "in_list_view": 1,
   "label": "UOM",
   "options": "UOM"
  },
  {
   "fieldname": "valuation_rate",
   "fieldtype": "Currency",
   "label": "Valuation Rate",
   "read_only": 1
  },
  {
   "fieldname": "amount",
   "fieldtype": "Currency",
   "label": "Amount",
   "read_only": 1
  },
  {
   "fieldname": "stock_entry",
   "fieldtype": "Link",
   "label": "Stock Entry",
   "options": "Stock Entry",
   "read_only": 1
  }
 ],
 "istable": 1,
 "links": [],
 "modified": "2025-09-17 01:16:11.526399",
 "modified_by": "Administrator",
 "module": "Repair",
 "name": "Repair Actual Material",
 "owner": "Administrator",
 "permissions": [],
 "row_format": "Dynamic",
 "sort_field": "modified",
 "sort_order": "DESC",
 "states": [],
 "track_changes": 1
}