{
  "label": "Instrument Profile Status",
  "charts": [],
  "shortcut_items": [
    {
      "type": "DocType",
      "name": "Instrument Profile",
      "label": "Needs Client Profile",
      "link_to": "List/Instrument Profile/List?profile_status=Waiting on Client"
    },
    {
      "type": "DocType",
      "name": "Instrument Profile",
      "label": "Needs Player Profile",
      "link_to": "List/Instrument Profile/List?profile_status=Waiting on Player"
    },
    {
      "type": "DocType",
      "name": "Instrument Profile",
      "label": "Ready Instruments",
      "link_to": "List/Instrument Profile/List?profile_status=Ready for Use"
    }
  ]
}