{
    "doctype": "Workflow",
    "workflow_name": "Loaner Return Check Workflow",
    "label": "Loaner Return Check Workflow",
    "name": "Loaner Return Check Workflow",
    "document_type": "Loaner Return Check",
    "is_active": 1,
    "workflow_state_field": "workflow_state",
    "states": [
        {
            "state": "Draft",
            "doc_status": 0,
            "allow_edit": "Technician\nService Manager"
        },
        {
            "state": "Submitted",
            "doc_status": 1,
            "allow_edit": "Service Manager"
        },
        {
            "state": "Flagged",
            "doc_status": 1,
            "allow_edit": "Service Manager"
        }
    ],
    "transitions": [
        {
            "state": "Draft",
            "action": "Submit",
            "next_state": "Submitted",
            "allowed": "Technician\nService Manager"
        },
        {
            "state": "Submitted",
            "action": "Flag Damage",
            "next_state": "Flagged",
            "allowed": "Service Manager"
        }
    ],
    "is_standard": 1,
    "sync_on_migrate": 1
}
