{
  "doctype": "Workflow",
  "workflow_name": "Final QA Checklist Workflow",
  "label": "Final QA Checklist Workflow",
  "name": "final_qa_checklist_workflow",
  "document_type": "Final QA Checklist",
  "is_active": 1,
  "workflow_state_field": "workflow_state",
  "states": [
    {"state": "Pending", "doc_status": 0, "allow_edit": ["QA Technician"]},
    {"state": "Submitted", "doc_status": 1, "allow_edit": ["Service Manager"]},
    {"state": "Flagged", "doc_status": 1, "allow_edit": ["Service Manager"]}
  ],
  "transitions": [
    {"state": "Pending", "action": "Submit QA", "next_state": "Submitted", "allowed": ["QA Technician"]},
    {"state": "Submitted", "action": "Flag Issue", "next_state": "Flagged", "allowed": ["Service Manager"]}
  ]
}