{
  "doctype": "Dashboard Chart",
  "label": "Repair Tasks by Day",
  "module": "Repair Logging",
  "is_standard": 1,
  "is_query_report": 1,
  "query": "repair_portal.repair_logging.dashboard_chart.repair_tasks_by_day.repair_tasks_by_day_query",
  "report_fields": [
    {
      "fieldname": "creation",
      "label": "Creation Date",
      "fieldtype": "Date"
    },
    {
      "fieldname": "customer",
      "label": "Customer",
      "fieldtype": "Link",
      "options": "Customer"
    },
    {
      "fieldname": "technician",
      "label": "Technician",
      "fieldtype": "Link",
      "options": "Technician"
    },
    {
      "fieldname": "due_date",
      "label": "Due Date",
      "fieldtype": "Link",
      "options": "Due Date"
    },
    {
      "fieldname": "task_type",
      "label": "Task Type",
      "fieldtype": "Select",
      "options": "\nMaintenance\nRepair\nInspection"
    },
    {
      "fieldname": "status",
      "label": "Status",
      "fieldtype": "Select",
      "options": "\nDraft\nIn Progress\nCompleted"
    }
  ],
  "name": "Repair Tasks By Day",
  "chart_name": "Repair Tasks by Day",
  "chart_type": "Group By",
  "document_type": "Repair Task Log",
  "based_on": "creation",
  "timespan": "Last 30 days",
  "time_interval": "Daily",
  "group_by_field": "task_type",
  "group_by_type": "Count",
  "filters_json": "{}"
}