{
  "procedure": {
    "name": "NEW-CLARINET-INCOMING-INSPECTION",
    "item_group": "Clarinets",
    "default_operation": "Incoming QC",
    "sample_size": 100
  },

  "points": [
    {
      "seq": 10,
      "parameter": "Shipping carton & case integrity",
      "tool": "Visual, photo attachment",
      "criteria": "No punctures; humidity card ≤ 60 %",
      "mandatory": false,
      "numeric": false
    },
    {
      "seq": 20,
      "parameter": "Serial #, model, paperwork match",
      "tool": "Scanner / manual",
      "criteria": "Must match Purchase Receipt",
      "mandatory": false,
      "numeric": false
    },
    {
      "seq": 140,
      "parameter": "Documentation & sign-off",
      "tool": "ERPNext comment + signature",
      "criteria": "All attachments present; status = Passed",
      "mandatory": false,
      "numeric": false
    }
  ]
}