{
  "doctype": "Dashboard Chart",
  "chart_name": "Instrument Status Distribution",
  "label": "Instrument Status Distribution",
  "name": "Instrument Status Distribution",
  "document_type": "Instrument Profile",
  "chart_type": "Donut",
  "timespan": "Last Year",
  "based_on": "count",
  "filters_json": "{}",
  "field_name": "status",
  "is_standard": 1,
  "module": "Instrument Profile",
  "description": "Shows distribution of all instrument profiles by status (Active, In Service, Retired, etc.). Updated 2025-06-14."
}