{
 "accept_payment": 0,
 "allow_comments": 0,
 "allow_delete": 0,
 "allow_edit": 1,
 "allow_incomplete": 0,
 "allow_multiple": 0,
 "allow_print": 0,
 "amount": 0.0,
 "amount_based_on_field": 0,
 "anonymous": 0,
 "apply_document_permissions": 0,
 "condition_json": "[]",
 "creation": "2025-07-01 00:31:19.698485",
 "doc_type": "Instrument Profile",
 "docstatus": 0,
 "doctype": "Web Form",
 "idx": 0,
 "is_standard": 1,
 "list_columns": [],
 "login_required": 1,
 "max_attachment_size": 0,
 "modified": "2025-07-01 01:14:44.377328",
 "modified_by": "dylan@artisanclarinets.com",
 "module": "Instrument Profile",
 "name": "Instrument Registration",
 "owner": "Administrator",
 "published": 1,
 "route": "instrument-registration",
 "show_attachments": 0,
 "show_list": 0,
 "show_sidebar": 0,
 "title": "Instrument Registration",
 "web_form_fields": [
  {
   "allow_read_on_all_link_options": 0,
   "fieldname": "instrument_category",
   "fieldtype": "Data",
   "hidden": 0,
   "label": "Instrument Category",
   "max_length": 0,
   "max_value": 0,
   "read_only": 0,
   "reqd": 1,
   "show_in_filter": 0
  },
  {
   "allow_read_on_all_link_options": 0,
   "fieldname": "model",
   "fieldtype": "Data",
   "hidden": 0,
   "label": "Model",
   "max_length": 0,
   "max_value": 0,
   "read_only": 0,
   "reqd": 0,
   "show_in_filter": 0
  },
  {
   "allow_read_on_all_link_options": 0,
   "fieldname": "serial_number",
   "fieldtype": "Data",
   "hidden": 0,
   "label": "Serial Number",
   "max_length": 0,
   "max_value": 0,
   "read_only": 0,
   "reqd": 1,
   "show_in_filter": 0
  },
  {
   "allow_read_on_all_link_options": 0,
   "fieldname": "client_profile",
   "fieldtype": "Link",
   "hidden": 0,
   "label": "Customer",
   "max_length": 0,
   "max_value": 0,
   "options": "Client Profile",
   "read_only": 0,
   "reqd": 0,
   "show_in_filter": 0
  },
  {
   "allow_read_on_all_link_options": 0,
   "fieldname": "instrument_name",
   "fieldtype": "Data",
   "hidden": 0,
   "label": "Instrument Name",
   "max_length": 0,
   "max_value": 0,
   "precision": "",
   "read_only": 0,
   "reqd": 1,
   "show_in_filter": 0
  },
  {
   "allow_read_on_all_link_options": 0,
   "fieldname": "brand",
   "fieldtype": "Data",
   "hidden": 0,
   "label": "Brand",
   "max_length": 0,
   "max_value": 0,
   "precision": "",
   "read_only": 0,
   "reqd": 0,
   "show_in_filter": 0
  },
  {
   "allow_read_on_all_link_options": 0,
   "fieldname": "route",
   "fieldtype": "Data",
   "hidden": 0,
   "label": "Web Route",
   "max_length": 0,
   "max_value": 0,
   "precision": "",
   "read_only": 0,
   "reqd": 0,
   "show_in_filter": 0
  },
  {
   "allow_read_on_all_link_options": 0,
   "fieldname": "owner",
   "fieldtype": "Link",
   "hidden": 0,
   "label": "Owner",
   "max_length": 0,
   "max_value": 0,
   "precision": "",
   "read_only": 0,
   "reqd": 0,
   "show_in_filter": 0
  },
  {
   "allow_read_on_all_link_options": 0,
   "fieldname": "description",
   "fieldtype": "Text",
   "hidden": 0,
   "label": "Description",
   "max_length": 0,
   "max_value": 0,
   "precision": "",
   "read_only": 0,
   "reqd": 0,
   "show_in_filter": 0
  }
 ]
}