{
  "doctype": "Web Form",
  "name": "Client Instrument Profile",
  "module": "Instrument Profile",
  "title": "Client Instrument Profile",
  "web_form_name": "client_instrument_profile",
  "is_standard": 1,
  "login_required": 1,
  "is_published": 1,
  "doc_type": "Instrument Profile",
  "doctype_field": "instrument_profile",
  "web_form_fields": [
    {
      "fieldname": "instrument_name",
      "label": "Instrument Name",
      "fieldtype": "Data",
      "reqd": 1
    },
    {
      "fieldname": "instrument_category",
      "label": "Instrument Category",
      "fieldtype": "Select",
      "options": "Bb Clarinet\nA Clarinet\nBass Clarinet\nE\u266d Clarinet\nAlto Clarinet",
      "reqd": 1
    },
    {
      "fieldname": "make",
      "label": "Make / Brand",
      "fieldtype": "Data",
      "reqd": 1
    },
    {
      "fieldname": "model",
      "label": "Model",
      "fieldtype": "Data"
    },
    {
      "fieldname": "serial_number",
      "label": "Serial Number",
      "fieldtype": "Data"
    },
    {
      "fieldname": "purchase_date",
      "label": "Purchase Date",
      "fieldtype": "Date"
    },
    {
      "fieldname": "external_documents",
      "label": "Upload Repair Records",
      "fieldtype": "Attach"
    },
    {
      "fieldname": "condition_photos",
      "label": "Upload Condition Images",
      "fieldtype": "Attach Image"
    },
    {
      "fieldname": "notes",
      "label": "Client Notes / Repair Preferences",
      "fieldtype": "Small Text"
    }
  ]
}