{
  "doctype": "Report",
  "name": "Technician Task Summary",
  "report_name": "Technician Task Summary",
  "ref_doctype": "Repair Request",
  "report_type": "Script Report",
  "is_standard": "Yes",
  "module": "Repair Portal",
  "filters": [
    {
      "fieldname": "technician",
      "label": "Technician",
      "fieldtype": "Link",
      "options": "User",
      "default": "frappe.session.user"
    },
    {
      "fieldname": "from_date",
      "label": "From Date",
      "fieldtype": "Date"
    },
    {
      "fieldname": "to_date",
      "label": "To Date",
      "fieldtype": "Date"
    }
  ],
  "chart": {
    "type": "bar",
    "data": {
      "labels": [],
      "datasets": []
    },
    "colors": ["#ffa00a"]
  }
}